user,bot,user_length,bot_length,user_sentiment,bot_sentiment,user_word_frequency,bot_word_frequency
"Fragrance: What does the name ""Delusion"" signify?","The name ""Delusion"" reflects the captivating and illusionary nature of the fragrance. It invites you to indulge in the fantasy it creates.",7,22,0.0,0.5,"{'fragrance:': 1, 'what': 1, 'does': 1, 'the': 1, 'name': 1, '""delusion""': 1, 'signify?': 1}","{'the': 4, 'name': 1, '""delusion""': 1, 'reflects': 1, 'captivating': 1, 'and': 1, 'illusionary': 1, 'nature': 1, 'of': 1, 'fragrance.': 1, 'it': 2, 'invites': 1, 'you': 1, 'to': 1, 'indulge': 1, 'in': 1, 'fantasy': 1, 'creates.': 1}"
Fragrance: What is the inspiration behind the scent?,"Delusion draws inspiration from the intricate world of dreams and desires, aiming to evoke a sense of mystery and allure.",8,20,-0.4,0.0,"{'fragrance:': 1, 'what': 1, 'is': 1, 'the': 2, 'inspiration': 1, 'behind': 1, 'scent?': 1}","{'delusion': 1, 'draws': 1, 'inspiration': 1, 'from': 1, 'the': 1, 'intricate': 1, 'world': 1, 'of': 2, 'dreams': 1, 'and': 2, 'desires,': 1, 'aiming': 1, 'to': 1, 'evoke': 1, 'a': 1, 'sense': 1, 'mystery': 1, 'allure.': 1}"
Fragrance: How would you describe the scent of Delusion?,"Delusion is a mesmerizing blend of floral and woody notes, with hints of musk and spice. It's both seductive and enigmatic, leaving a lasting impression.",9,25,0.0,0.13333333333333333,"{'fragrance:': 1, 'how': 1, 'would': 1, 'you': 1, 'describe': 1, 'the': 1, 'scent': 1, 'of': 1, 'delusion?': 1}","{'delusion': 1, 'is': 1, 'a': 2, 'mesmerizing': 1, 'blend': 1, 'of': 2, 'floral': 1, 'and': 3, 'woody': 1, 'notes,': 1, 'with': 1, 'hints': 1, 'musk': 1, 'spice.': 1, ""it's"": 1, 'both': 1, 'seductive': 1, 'enigmatic,': 1, 'leaving': 1, 'lasting': 1, 'impression.': 1}"
Fragrance: Is Delusion suitable for both men and women?,"Yes, Delusion is designed to be a unisex fragrance, appealing to individuals who appreciate bold and distinctive scents.",9,18,0.55,0.41666666666666663,"{'fragrance:': 1, 'is': 1, 'delusion': 1, 'suitable': 1, 'for': 1, 'both': 1, 'men': 1, 'and': 1, 'women?': 1}","{'yes,': 1, 'delusion': 1, 'is': 1, 'designed': 1, 'to': 2, 'be': 1, 'a': 1, 'unisex': 1, 'fragrance,': 1, 'appealing': 1, 'individuals': 1, 'who': 1, 'appreciate': 1, 'bold': 1, 'and': 1, 'distinctive': 1, 'scents.': 1}"
Fragrance: How long does the scent of Delusion last?,"The longevity of Delusion varies depending on individual body chemistry and environmental factors. However, on average, it can last for up to 8-10 hours.",9,24,-0.025,-0.049999999999999996,"{'fragrance:': 1, 'how': 1, 'long': 1, 'does': 1, 'the': 1, 'scent': 1, 'of': 1, 'delusion': 1, 'last?': 1}","{'the': 1, 'longevity': 1, 'of': 1, 'delusion': 1, 'varies': 1, 'depending': 1, 'on': 2, 'individual': 1, 'body': 1, 'chemistry': 1, 'and': 1, 'environmental': 1, 'factors.': 1, 'however,': 1, 'average,': 1, 'it': 1, 'can': 1, 'last': 1, 'for': 1, 'up': 1, 'to': 1, '8-10': 1, 'hours.': 1}"
Fragrance: What occasions is Delusion best suited for?,"Delusion is versatile and can be worn for various occasions, from formal events to romantic evenings. Its captivating aroma adds an element of intrigue to any setting.",8,27,1.0,0.16666666666666666,"{'fragrance:': 1, 'what': 1, 'occasions': 1, 'is': 1, 'delusion': 1, 'best': 1, 'suited': 1, 'for?': 1}","{'delusion': 1, 'is': 1, 'versatile': 1, 'and': 1, 'can': 1, 'be': 1, 'worn': 1, 'for': 1, 'various': 1, 'occasions,': 1, 'from': 1, 'formal': 1, 'events': 1, 'to': 2, 'romantic': 1, 'evenings.': 1, 'its': 1, 'captivating': 1, 'aroma': 1, 'adds': 1, 'an': 1, 'element': 1, 'of': 1, 'intrigue': 1, 'any': 1, 'setting.': 1}"
Fragrance: Is Delusion available in different sizes?,"Yes, Delusion is available in various sizes to accommodate different preferences and needs.",7,13,0.2,0.13333333333333333,"{'fragrance:': 1, 'is': 1, 'delusion': 1, 'available': 1, 'in': 1, 'different': 1, 'sizes?': 1}","{'yes,': 1, 'delusion': 1, 'is': 1, 'available': 1, 'in': 1, 'various': 1, 'sizes': 1, 'to': 1, 'accommodate': 1, 'different': 1, 'preferences': 1, 'and': 1, 'needs.': 1}"
Fragrance: Does Delusion contain any allergens or irritants?,"Delusion is formulated with high-quality ingredients and is free from common allergens. However, we recommend patch testing for individuals with sensitive skin.",8,22,0.0,0.06666666666666668,"{'fragrance:': 1, 'does': 1, 'delusion': 1, 'contain': 1, 'any': 1, 'allergens': 1, 'or': 1, 'irritants?': 1}","{'delusion': 1, 'is': 2, 'formulated': 1, 'with': 2, 'high-quality': 1, 'ingredients': 1, 'and': 1, 'free': 1, 'from': 1, 'common': 1, 'allergens.': 1, 'however,': 1, 'we': 1, 'recommend': 1, 'patch': 1, 'testing': 1, 'for': 1, 'individuals': 1, 'sensitive': 1, 'skin.': 1}"
Fragrance: Is Delusion tested on animals?,"No, Delusion is cruelty-free and not tested on animals. We are committed to ethical practices and the well-being of all living creatures.",6,22,0.0,0.2,"{'fragrance:': 1, 'is': 1, 'delusion': 1, 'tested': 1, 'on': 1, 'animals?': 1}","{'no,': 1, 'delusion': 1, 'is': 1, 'cruelty-free': 1, 'and': 2, 'not': 1, 'tested': 1, 'on': 1, 'animals.': 1, 'we': 1, 'are': 1, 'committed': 1, 'to': 1, 'ethical': 1, 'practices': 1, 'the': 1, 'well-being': 1, 'of': 1, 'all': 1, 'living': 1, 'creatures.': 1}"
"Fragrance: What does the tagline """"convince yourself"""" mean?","The tagline ""convince yourself"" encourages individuals to experience the allure of Delusion firsthand and allow the fragrance to speak for itself. It invites you to immerse yourself in its captivating aroma and form your own opinion.",8,36,-0.3125,0.55,"{'fragrance:': 1, 'what': 1, 'does': 1, 'the': 1, 'tagline': 1, '""""convince': 1, 'yourself""""': 1, 'mean?': 1}","{'the': 3, 'tagline': 1, '""convince': 1, 'yourself""': 1, 'encourages': 1, 'individuals': 1, 'to': 3, 'experience': 1, 'allure': 1, 'of': 1, 'delusion': 1, 'firsthand': 1, 'and': 2, 'allow': 1, 'fragrance': 1, 'speak': 1, 'for': 1, 'itself.': 1, 'it': 1, 'invites': 1, 'you': 1, 'immerse': 1, 'yourself': 1, 'in': 1, 'its': 1, 'captivating': 1, 'aroma': 1, 'form': 1, 'your': 1, 'own': 1, 'opinion.': 1}"
Fragrance: Can I return Delusion if I'm not satisfied with it?,"Yes, we offer a satisfaction guarantee. If you're not completely satisfied with Delusion, you can return it for a full refund within 30 days of purchase.",11,26,-0.25,0.04999999999999999,"{'fragrance:': 1, 'can': 1, 'i': 1, 'return': 1, 'delusion': 1, 'if': 1, ""i'm"": 1, 'not': 1, 'satisfied': 1, 'with': 1, 'it?': 1}","{'yes,': 1, 'we': 1, 'offer': 1, 'a': 2, 'satisfaction': 1, 'guarantee.': 1, 'if': 1, ""you're"": 1, 'not': 1, 'completely': 1, 'satisfied': 1, 'with': 1, 'delusion,': 1, 'you': 1, 'can': 1, 'return': 1, 'it': 1, 'for': 1, 'full': 1, 'refund': 1, 'within': 1, '30': 1, 'days': 1, 'of': 1, 'purchase.': 1}"
Fragrance: Is Delusion suitable for everyday wear?,"Yes, Delusion is suitable for everyday wear. Its versatile scent can complement any mood or occasion, whether it's a busy day at the office or a casual outing with friends.",7,30,0.17500000000000002,-0.012499999999999983,"{'fragrance:': 1, 'is': 1, 'delusion': 1, 'suitable': 1, 'for': 1, 'everyday': 1, 'wear?': 1}","{'yes,': 1, 'delusion': 1, 'is': 1, 'suitable': 1, 'for': 1, 'everyday': 1, 'wear.': 1, 'its': 1, 'versatile': 1, 'scent': 1, 'can': 1, 'complement': 1, 'any': 1, 'mood': 1, 'or': 2, 'occasion,': 1, 'whether': 1, ""it's"": 1, 'a': 2, 'busy': 1, 'day': 1, 'at': 1, 'the': 1, 'office': 1, 'casual': 1, 'outing': 1, 'with': 1, 'friends.': 1}"
Fragrance: What is the main ingredient in Delusion?,"The main ingredient in Delusion is a carefully curated blend of floral essences, combined with woody and musky undertones, to create its unique and captivating scent.",8,26,0.16666666666666666,0.23541666666666666,"{'fragrance:': 1, 'what': 1, 'is': 1, 'the': 1, 'main': 1, 'ingredient': 1, 'in': 1, 'delusion?': 1}","{'the': 1, 'main': 1, 'ingredient': 1, 'in': 1, 'delusion': 1, 'is': 1, 'a': 1, 'carefully': 1, 'curated': 1, 'blend': 1, 'of': 1, 'floral': 1, 'essences,': 1, 'combined': 1, 'with': 1, 'woody': 1, 'and': 2, 'musky': 1, 'undertones,': 1, 'to': 1, 'create': 1, 'its': 1, 'unique': 1, 'captivating': 1, 'scent.': 1}"
Fragrance: Can I layer Delusion with other fragrances?,"Yes, Delusion can be layered with other fragrances to create a personalized scent profile. Experiment with different combinations to find the perfect blend for you.",8,25,-0.125,0.2916666666666667,"{'fragrance:': 1, 'can': 1, 'i': 1, 'layer': 1, 'delusion': 1, 'with': 1, 'other': 1, 'fragrances?': 1}","{'yes,': 1, 'delusion': 1, 'can': 1, 'be': 1, 'layered': 1, 'with': 2, 'other': 1, 'fragrances': 1, 'to': 2, 'create': 1, 'a': 1, 'personalized': 1, 'scent': 1, 'profile.': 1, 'experiment': 1, 'different': 1, 'combinations': 1, 'find': 1, 'the': 1, 'perfect': 1, 'blend': 1, 'for': 1, 'you.': 1}"
Fragrance: Does Delusion have a strong fragrance?,"Delusion has a moderate to strong fragrance intensity, making it noticeable without being overpowering. Its captivating aroma lingers subtly throughout the day.",7,22,0.43333333333333335,0.15000000000000002,"{'fragrance:': 1, 'does': 1, 'delusion': 1, 'have': 1, 'a': 1, 'strong': 1, 'fragrance?': 1}","{'delusion': 1, 'has': 1, 'a': 1, 'moderate': 1, 'to': 1, 'strong': 1, 'fragrance': 1, 'intensity,': 1, 'making': 1, 'it': 1, 'noticeable': 1, 'without': 1, 'being': 1, 'overpowering.': 1, 'its': 1, 'captivating': 1, 'aroma': 1, 'lingers': 1, 'subtly': 1, 'throughout': 1, 'the': 1, 'day.': 1}"
Fragrance: Is Delusion suitable for sensitive skin?,"While Delusion is formulated with high-quality ingredients, we recommend patch testing for individuals with sensitive skin to ensure compatibility.",7,19,0.325,0.1,"{'fragrance:': 1, 'is': 1, 'delusion': 1, 'suitable': 1, 'for': 1, 'sensitive': 1, 'skin?': 1}","{'while': 1, 'delusion': 1, 'is': 1, 'formulated': 1, 'with': 2, 'high-quality': 1, 'ingredients,': 1, 'we': 1, 'recommend': 1, 'patch': 1, 'testing': 1, 'for': 1, 'individuals': 1, 'sensitive': 1, 'skin': 1, 'to': 1, 'ensure': 1, 'compatibility.': 1}"
Fragrance: How should I store Delusion to maintain its fragrance?,"To preserve the integrity of Delusion's fragrance, store it in a cool, dry place away from direct sunlight and heat sources. Keep the bottle tightly closed when not in use.",10,30,0.0,0.07083333333333333,"{'fragrance:': 1, 'how': 1, 'should': 1, 'i': 1, 'store': 1, 'delusion': 1, 'to': 1, 'maintain': 1, 'its': 1, 'fragrance?': 1}","{'to': 1, 'preserve': 1, 'the': 2, 'integrity': 1, 'of': 1, ""delusion's"": 1, 'fragrance,': 1, 'store': 1, 'it': 1, 'in': 2, 'a': 1, 'cool,': 1, 'dry': 1, 'place': 1, 'away': 1, 'from': 1, 'direct': 1, 'sunlight': 1, 'and': 1, 'heat': 1, 'sources.': 1, 'keep': 1, 'bottle': 1, 'tightly': 1, 'closed': 1, 'when': 1, 'not': 1, 'use.': 1}"
Fragrance: Can I purchase Delusion online?,"Yes, Delusion is available for purchase online through our official website. Simply browse our selection, choose your preferred size, and proceed to checkout.",6,23,0.0,0.2,"{'fragrance:': 1, 'can': 1, 'i': 1, 'purchase': 1, 'delusion': 1, 'online?': 1}","{'yes,': 1, 'delusion': 1, 'is': 1, 'available': 1, 'for': 1, 'purchase': 1, 'online': 1, 'through': 1, 'our': 2, 'official': 1, 'website.': 1, 'simply': 1, 'browse': 1, 'selection,': 1, 'choose': 1, 'your': 1, 'preferred': 1, 'size,': 1, 'and': 1, 'proceed': 1, 'to': 1, 'checkout.': 1}"
Fragrance: What packaging does Delusion come in?,"Delusion is elegantly packaged in a sleek and sophisticated bottle, designed to complement its luxurious scent. It makes for a perfect gift or indulgent treat for yourself.",7,27,0.0,0.6666666666666666,"{'fragrance:': 1, 'what': 1, 'packaging': 1, 'does': 1, 'delusion': 1, 'come': 1, 'in?': 1}","{'delusion': 1, 'is': 1, 'elegantly': 1, 'packaged': 1, 'in': 1, 'a': 2, 'sleek': 1, 'and': 1, 'sophisticated': 1, 'bottle,': 1, 'designed': 1, 'to': 1, 'complement': 1, 'its': 1, 'luxurious': 1, 'scent.': 1, 'it': 1, 'makes': 1, 'for': 2, 'perfect': 1, 'gift': 1, 'or': 1, 'indulgent': 1, 'treat': 1, 'yourself.': 1}"
Fragrance: Is Delusion suitable for all ages?,Delusion is suitable for adults of all ages who appreciate sophisticated and captivating fragrances. Its timeless appeal transcends generational boundaries.,7,20,0.55,0.5166666666666667,"{'fragrance:': 1, 'is': 1, 'delusion': 1, 'suitable': 1, 'for': 1, 'all': 1, 'ages?': 1}","{'delusion': 1, 'is': 1, 'suitable': 1, 'for': 1, 'adults': 1, 'of': 1, 'all': 1, 'ages': 1, 'who': 1, 'appreciate': 1, 'sophisticated': 1, 'and': 1, 'captivating': 1, 'fragrances.': 1, 'its': 1, 'timeless': 1, 'appeal': 1, 'transcends': 1, 'generational': 1, 'boundaries.': 1}"
Fragrance: Does Delusion have a distinct opening or dry down?,"Yes, Delusion has a distinct opening characterized by its floral and spicy notes, which gradually transition into a warm and sensual dry down. It evolves beautifully on the skin over time.",10,31,0.025925925925925925,0.3055555555555555,"{'fragrance:': 1, 'does': 1, 'delusion': 1, 'have': 1, 'a': 1, 'distinct': 1, 'opening': 1, 'or': 1, 'dry': 1, 'down?': 1}","{'yes,': 1, 'delusion': 1, 'has': 1, 'a': 2, 'distinct': 1, 'opening': 1, 'characterized': 1, 'by': 1, 'its': 1, 'floral': 1, 'and': 2, 'spicy': 1, 'notes,': 1, 'which': 1, 'gradually': 1, 'transition': 1, 'into': 1, 'warm': 1, 'sensual': 1, 'dry': 1, 'down.': 1, 'it': 1, 'evolves': 1, 'beautifully': 1, 'on': 1, 'the': 1, 'skin': 1, 'over': 1, 'time.': 1}"
Fragrance: Can I wear Delusion in hot weather?,"Yes, Delusion can be worn in hot weather. Its alluring scent is not overpowering and adapts well to different climates, making it suitable for year-round wear.",8,26,0.25,0.26666666666666666,"{'fragrance:': 1, 'can': 1, 'i': 1, 'wear': 1, 'delusion': 1, 'in': 1, 'hot': 1, 'weather?': 1}","{'yes,': 1, 'delusion': 1, 'can': 1, 'be': 1, 'worn': 1, 'in': 1, 'hot': 1, 'weather.': 1, 'its': 1, 'alluring': 1, 'scent': 1, 'is': 1, 'not': 1, 'overpowering': 1, 'and': 1, 'adapts': 1, 'well': 1, 'to': 1, 'different': 1, 'climates,': 1, 'making': 1, 'it': 1, 'suitable': 1, 'for': 1, 'year-round': 1, 'wear.': 1}"
Fragrance: Is Delusion suitable for formal events?,"Yes, Delusion is perfect for formal events. Its sophisticated aroma adds an air of elegance and allure, making it the ideal accessory for special occasions.",7,25,0.55,0.6892857142857143,"{'fragrance:': 1, 'is': 1, 'delusion': 1, 'suitable': 1, 'for': 1, 'formal': 1, 'events?': 1}","{'yes,': 1, 'delusion': 1, 'is': 1, 'perfect': 1, 'for': 2, 'formal': 1, 'events.': 1, 'its': 1, 'sophisticated': 1, 'aroma': 1, 'adds': 1, 'an': 1, 'air': 1, 'of': 1, 'elegance': 1, 'and': 1, 'allure,': 1, 'making': 1, 'it': 1, 'the': 1, 'ideal': 1, 'accessory': 1, 'special': 1, 'occasions.': 1}"
Fragrance: Does Delusion contain any synthetic ingredients?,"Delusion is formulated with a blend of natural and synthetic ingredients to achieve its captivating scent profile. Rest assured, it undergoes rigorous testing to ensure quality and safety.",7,28,0.0,0.3,"{'fragrance:': 1, 'does': 1, 'delusion': 1, 'contain': 1, 'any': 1, 'synthetic': 1, 'ingredients?': 1}","{'delusion': 1, 'is': 1, 'formulated': 1, 'with': 1, 'a': 1, 'blend': 1, 'of': 1, 'natural': 1, 'and': 2, 'synthetic': 1, 'ingredients': 1, 'to': 2, 'achieve': 1, 'its': 1, 'captivating': 1, 'scent': 1, 'profile.': 1, 'rest': 1, 'assured,': 1, 'it': 1, 'undergoes': 1, 'rigorous': 1, 'testing': 1, 'ensure': 1, 'quality': 1, 'safety.': 1}"
Fragrance: How do I apply Delusion for best results?,"For best results, apply Delusion to pulse points such as the wrists, neck, and behind the ears. Allow the fragrance to develop on your skin to fully experience its depth and complexity.",9,32,1.0,0.19999999999999998,"{'fragrance:': 1, 'how': 1, 'do': 1, 'i': 1, 'apply': 1, 'delusion': 1, 'for': 1, 'best': 1, 'results?': 1}","{'for': 1, 'best': 1, 'results,': 1, 'apply': 1, 'delusion': 1, 'to': 3, 'pulse': 1, 'points': 1, 'such': 1, 'as': 1, 'the': 3, 'wrists,': 1, 'neck,': 1, 'and': 2, 'behind': 1, 'ears.': 1, 'allow': 1, 'fragrance': 1, 'develop': 1, 'on': 1, 'your': 1, 'skin': 1, 'fully': 1, 'experience': 1, 'its': 1, 'depth': 1, 'complexity.': 1}"
Fragrance: Can I purchase Delusion as a gift?,"Yes, Delusion makes for an exquisite gift. Its luxurious packaging and captivating scent are sure to delight any recipient, making it the perfect choice for birthdays, anniversaries, or other special occasions.",8,31,0.0,0.5386904761904762,"{'fragrance:': 1, 'can': 1, 'i': 1, 'purchase': 1, 'delusion': 1, 'as': 1, 'a': 1, 'gift?': 1}","{'yes,': 1, 'delusion': 1, 'makes': 1, 'for': 2, 'an': 1, 'exquisite': 1, 'gift.': 1, 'its': 1, 'luxurious': 1, 'packaging': 1, 'and': 1, 'captivating': 1, 'scent': 1, 'are': 1, 'sure': 1, 'to': 1, 'delight': 1, 'any': 1, 'recipient,': 1, 'making': 1, 'it': 1, 'the': 1, 'perfect': 1, 'choice': 1, 'birthdays,': 1, 'anniversaries,': 1, 'or': 1, 'other': 1, 'special': 1, 'occasions.': 1}"
Fragrance: Is Delusion suitable for evening wear?,"Yes, Delusion is perfect for evening wear. Its seductive and enigmatic aroma adds an element of mystery and allure to any nighttime ensemble.",7,23,0.55,0.55,"{'fragrance:': 1, 'is': 1, 'delusion': 1, 'suitable': 1, 'for': 1, 'evening': 1, 'wear?': 1}","{'yes,': 1, 'delusion': 1, 'is': 1, 'perfect': 1, 'for': 1, 'evening': 1, 'wear.': 1, 'its': 1, 'seductive': 1, 'and': 2, 'enigmatic': 1, 'aroma': 1, 'adds': 1, 'an': 1, 'element': 1, 'of': 1, 'mystery': 1, 'allure': 1, 'to': 1, 'any': 1, 'nighttime': 1, 'ensemble.': 1}"
Fragrance: Can I find Delusion in stores?,"Yes, Delusion is available in select stores. Please check our website for a list of authorized retailers in your area.",7,20,0.0,0.4,"{'fragrance:': 1, 'can': 1, 'i': 1, 'find': 1, 'delusion': 1, 'in': 1, 'stores?': 1}","{'yes,': 1, 'delusion': 1, 'is': 1, 'available': 1, 'in': 2, 'select': 1, 'stores.': 1, 'please': 1, 'check': 1, 'our': 1, 'website': 1, 'for': 1, 'a': 1, 'list': 1, 'of': 1, 'authorized': 1, 'retailers': 1, 'your': 1, 'area.': 1}"
Fragrance: Does Delusion have a unique bottle design?,"Yes, Delusion is housed in a stunning bottle designed to reflect the elegance and sophistication of its fragrance. Its sleek and modern design adds a touch of luxury to any vanity or dressing table.",8,34,0.375,0.35,"{'fragrance:': 1, 'does': 1, 'delusion': 1, 'have': 1, 'a': 1, 'unique': 1, 'bottle': 1, 'design?': 1}","{'yes,': 1, 'delusion': 1, 'is': 1, 'housed': 1, 'in': 1, 'a': 2, 'stunning': 1, 'bottle': 1, 'designed': 1, 'to': 2, 'reflect': 1, 'the': 1, 'elegance': 1, 'and': 2, 'sophistication': 1, 'of': 2, 'its': 2, 'fragrance.': 1, 'sleek': 1, 'modern': 1, 'design': 1, 'adds': 1, 'touch': 1, 'luxury': 1, 'any': 1, 'vanity': 1, 'or': 1, 'dressing': 1, 'table.': 1}"
Fragrance: Can I wear Delusion in the workplace?,"Yes, Delusion is suitable for the workplace. Its sophisticated scent is subtle yet noticeable, making it appropriate for professional environments.",8,20,0.0,0.26333333333333336,"{'fragrance:': 1, 'can': 1, 'i': 1, 'wear': 1, 'delusion': 1, 'in': 1, 'the': 1, 'workplace?': 1}","{'yes,': 1, 'delusion': 1, 'is': 2, 'suitable': 1, 'for': 2, 'the': 1, 'workplace.': 1, 'its': 1, 'sophisticated': 1, 'scent': 1, 'subtle': 1, 'yet': 1, 'noticeable,': 1, 'making': 1, 'it': 1, 'appropriate': 1, 'professional': 1, 'environments.': 1}"
Fragrance: Is Delusion suitable for casual wear?,"Yes, Delusion is perfect for casual wear. Its versatile scent adapts well to any setting, whether you're running errands or enjoying a leisurely day out.",7,25,0.025000000000000022,0.3333333333333333,"{'fragrance:': 1, 'is': 1, 'delusion': 1, 'suitable': 1, 'for': 1, 'casual': 1, 'wear?': 1}","{'yes,': 1, 'delusion': 1, 'is': 1, 'perfect': 1, 'for': 1, 'casual': 1, 'wear.': 1, 'its': 1, 'versatile': 1, 'scent': 1, 'adapts': 1, 'well': 1, 'to': 1, 'any': 1, 'setting,': 1, 'whether': 1, ""you're"": 1, 'running': 1, 'errands': 1, 'or': 1, 'enjoying': 1, 'a': 1, 'leisurely': 1, 'day': 1, 'out.': 1}"
Fragrance: Can I sample Delusion before purchasing a full-size bottle?,"Yes, we offer samples of Delusion for purchase on our website. Try it out and experience its captivating aroma before committing to a full-size bottle.",10,25,0.0,0.5,"{'fragrance:': 1, 'can': 1, 'i': 1, 'sample': 1, 'delusion': 1, 'before': 1, 'purchasing': 1, 'a': 1, 'full-size': 1, 'bottle?': 1}","{'yes,': 1, 'we': 1, 'offer': 1, 'samples': 1, 'of': 1, 'delusion': 1, 'for': 1, 'purchase': 1, 'on': 1, 'our': 1, 'website.': 1, 'try': 1, 'it': 1, 'out': 1, 'and': 1, 'experience': 1, 'its': 1, 'captivating': 1, 'aroma': 1, 'before': 1, 'committing': 1, 'to': 1, 'a': 1, 'full-size': 1, 'bottle.': 1}"
Fragrance: Is Delusion long-lasting?,"Yes, Delusion has excellent longevity, lasting for up to 8-10 hours on the skin. Its captivating scent lingers subtly throughout the day, leaving a lasting impression.",4,26,0.0,0.23333333333333334,"{'fragrance:': 1, 'is': 1, 'delusion': 1, 'long-lasting?': 1}","{'yes,': 1, 'delusion': 1, 'has': 1, 'excellent': 1, 'longevity,': 1, 'lasting': 2, 'for': 1, 'up': 1, 'to': 1, '8-10': 1, 'hours': 1, 'on': 1, 'the': 2, 'skin.': 1, 'its': 1, 'captivating': 1, 'scent': 1, 'lingers': 1, 'subtly': 1, 'throughout': 1, 'day,': 1, 'leaving': 1, 'a': 1, 'impression.': 1}"
Fragrance: Does Delusion have a sweet or floral scent?,"Delusion has a balanced scent profile with floral, woody, and spicy notes. While it's not overly sweet, the floral elements add a hint of femininity and elegance to the fragrance.",9,30,0.35,0.35,"{'fragrance:': 1, 'does': 1, 'delusion': 1, 'have': 1, 'a': 1, 'sweet': 1, 'or': 1, 'floral': 1, 'scent?': 1}","{'delusion': 1, 'has': 1, 'a': 2, 'balanced': 1, 'scent': 1, 'profile': 1, 'with': 1, 'floral,': 1, 'woody,': 1, 'and': 2, 'spicy': 1, 'notes.': 1, 'while': 1, ""it's"": 1, 'not': 1, 'overly': 1, 'sweet,': 1, 'the': 2, 'floral': 1, 'elements': 1, 'add': 1, 'hint': 1, 'of': 1, 'femininity': 1, 'elegance': 1, 'to': 1, 'fragrance.': 1}"
Fragrance: Can I wear Delusion year-round?,"Yes, Delusion is suitable for year-round wear. Its versatile scent adapts well to different seasons and occasions, making it a staple in any fragrance collection.",6,25,0.0,0.275,"{'fragrance:': 1, 'can': 1, 'i': 1, 'wear': 1, 'delusion': 1, 'year-round?': 1}","{'yes,': 1, 'delusion': 1, 'is': 1, 'suitable': 1, 'for': 1, 'year-round': 1, 'wear.': 1, 'its': 1, 'versatile': 1, 'scent': 1, 'adapts': 1, 'well': 1, 'to': 1, 'different': 1, 'seasons': 1, 'and': 1, 'occasions,': 1, 'making': 1, 'it': 1, 'a': 1, 'staple': 1, 'in': 1, 'any': 1, 'fragrance': 1, 'collection.': 1}"
Fragrance: Is Delusion suitable for romantic occasions?,"Yes, Delusion is perfect for romantic occasions. Its alluring scent creates an intimate and seductive atmosphere, perfect for date nights or special moments with a loved one.",7,27,0.275,0.5428571428571428,"{'fragrance:': 1, 'is': 1, 'delusion': 1, 'suitable': 1, 'for': 1, 'romantic': 1, 'occasions?': 1}","{'yes,': 1, 'delusion': 1, 'is': 1, 'perfect': 2, 'for': 2, 'romantic': 1, 'occasions.': 1, 'its': 1, 'alluring': 1, 'scent': 1, 'creates': 1, 'an': 1, 'intimate': 1, 'and': 1, 'seductive': 1, 'atmosphere,': 1, 'date': 1, 'nights': 1, 'or': 1, 'special': 1, 'moments': 1, 'with': 1, 'a': 1, 'loved': 1, 'one.': 1}"
Fragrance: Does Delusion leave a residue on clothing?,"Delusion is formulated to be lightweight and non-greasy, so it shouldn't leave a residue on clothing when applied correctly. However, we recommend avoiding excessive application to prevent any potential transfer.",8,30,0.0,-0.125,"{'fragrance:': 1, 'does': 1, 'delusion': 1, 'leave': 1, 'a': 1, 'residue': 1, 'on': 1, 'clothing?': 1}","{'delusion': 1, 'is': 1, 'formulated': 1, 'to': 2, 'be': 1, 'lightweight': 1, 'and': 1, 'non-greasy,': 1, 'so': 1, 'it': 1, ""shouldn't"": 1, 'leave': 1, 'a': 1, 'residue': 1, 'on': 1, 'clothing': 1, 'when': 1, 'applied': 1, 'correctly.': 1, 'however,': 1, 'we': 1, 'recommend': 1, 'avoiding': 1, 'excessive': 1, 'application': 1, 'prevent': 1, 'any': 1, 'potential': 1, 'transfer.': 1}"
Fragrance: Can I layer Delusion with other products from the same brand?,"Yes, Delusion can be layered with other products from the same brand to enhance its scent or create a personalized fragrance experience. Experiment with different combinations to find your perfect match.",12,31,-0.0625,0.21875,"{'fragrance:': 1, 'can': 1, 'i': 1, 'layer': 1, 'delusion': 1, 'with': 1, 'other': 1, 'products': 1, 'from': 1, 'the': 1, 'same': 1, 'brand?': 1}","{'yes,': 1, 'delusion': 1, 'can': 1, 'be': 1, 'layered': 1, 'with': 2, 'other': 1, 'products': 1, 'from': 1, 'the': 1, 'same': 1, 'brand': 1, 'to': 2, 'enhance': 1, 'its': 1, 'scent': 1, 'or': 1, 'create': 1, 'a': 1, 'personalized': 1, 'fragrance': 1, 'experience.': 1, 'experiment': 1, 'different': 1, 'combinations': 1, 'find': 1, 'your': 1, 'perfect': 1, 'match.': 1}"
Fragrance: Is Delusion suitable for sensitive noses?,"Delusion has a moderate fragrance intensity that shouldn't overwhelm sensitive noses. However, we recommend testing it on a small area of skin before applying it liberally to ensure compatibility.",7,29,0.325,-0.049999999999999996,"{'fragrance:': 1, 'is': 1, 'delusion': 1, 'suitable': 1, 'for': 1, 'sensitive': 1, 'noses?': 1}","{'delusion': 1, 'has': 1, 'a': 2, 'moderate': 1, 'fragrance': 1, 'intensity': 1, 'that': 1, ""shouldn't"": 1, 'overwhelm': 1, 'sensitive': 1, 'noses.': 1, 'however,': 1, 'we': 1, 'recommend': 1, 'testing': 1, 'it': 2, 'on': 1, 'small': 1, 'area': 1, 'of': 1, 'skin': 1, 'before': 1, 'applying': 1, 'liberally': 1, 'to': 1, 'ensure': 1, 'compatibility.': 1}"
Fragrance: Can I wear Delusion during pregnancy?,"While Delusion is formulated with safe ingredients, we recommend consulting with your healthcare provider before using any fragrance products during pregnancy to ensure the safety of you and your baby.",7,30,0.0,0.5,"{'fragrance:': 1, 'can': 1, 'i': 1, 'wear': 1, 'delusion': 1, 'during': 1, 'pregnancy?': 1}","{'while': 1, 'delusion': 1, 'is': 1, 'formulated': 1, 'with': 2, 'safe': 1, 'ingredients,': 1, 'we': 1, 'recommend': 1, 'consulting': 1, 'your': 2, 'healthcare': 1, 'provider': 1, 'before': 1, 'using': 1, 'any': 1, 'fragrance': 1, 'products': 1, 'during': 1, 'pregnancy': 1, 'to': 1, 'ensure': 1, 'the': 1, 'safety': 1, 'of': 1, 'you': 1, 'and': 1, 'baby.': 1}"
Fragrance: Does Delusion have a warm or cool undertone?,"Delusion has warm undertones that give it a sensual and inviting quality. Its woody and spicy notes add depth and complexity to the fragrance, creating a captivating aura.",9,28,0.475,0.55,"{'fragrance:': 1, 'does': 1, 'delusion': 1, 'have': 1, 'a': 1, 'warm': 1, 'or': 1, 'cool': 1, 'undertone?': 1}","{'delusion': 1, 'has': 1, 'warm': 1, 'undertones': 1, 'that': 1, 'give': 1, 'it': 1, 'a': 2, 'sensual': 1, 'and': 3, 'inviting': 1, 'quality.': 1, 'its': 1, 'woody': 1, 'spicy': 1, 'notes': 1, 'add': 1, 'depth': 1, 'complexity': 1, 'to': 1, 'the': 1, 'fragrance,': 1, 'creating': 1, 'captivating': 1, 'aura.': 1}"
Fragrance: Is Delusion suitable for gifting to men?,"Yes, Delusion is suitable for gifting to men who appreciate sophisticated and captivating fragrances. Its versatile scent appeals to individuals of all genders and preferences.",8,25,0.55,0.5166666666666667,"{'fragrance:': 1, 'is': 1, 'delusion': 1, 'suitable': 1, 'for': 1, 'gifting': 1, 'to': 1, 'men?': 1}","{'yes,': 1, 'delusion': 1, 'is': 1, 'suitable': 1, 'for': 1, 'gifting': 1, 'to': 2, 'men': 1, 'who': 1, 'appreciate': 1, 'sophisticated': 1, 'and': 2, 'captivating': 1, 'fragrances.': 1, 'its': 1, 'versatile': 1, 'scent': 1, 'appeals': 1, 'individuals': 1, 'of': 1, 'all': 1, 'genders': 1, 'preferences.': 1}"
Fragrance: Does Delusion have a strong initial scent?,"Delusion has a noticeable but not overpowering initial scent. Its captivating aroma unfolds gradually on the skin, revealing its full complexity over time.",8,23,0.21666666666666667,0.2833333333333333,"{'fragrance:': 1, 'does': 1, 'delusion': 1, 'have': 1, 'a': 1, 'strong': 1, 'initial': 1, 'scent?': 1}","{'delusion': 1, 'has': 1, 'a': 1, 'noticeable': 1, 'but': 1, 'not': 1, 'overpowering': 1, 'initial': 1, 'scent.': 1, 'its': 2, 'captivating': 1, 'aroma': 1, 'unfolds': 1, 'gradually': 1, 'on': 1, 'the': 1, 'skin,': 1, 'revealing': 1, 'full': 1, 'complexity': 1, 'over': 1, 'time.': 1}"
Fragrance: Can I wear Delusion with sunscreen?,"Yes, Delusion can be worn with sunscreen. Apply sunscreen first, allowing it to fully absorb into the skin, then apply Delusion to pulse points for a long-lasting fragrance.",7,28,0.0,0.25,"{'fragrance:': 1, 'can': 1, 'i': 1, 'wear': 1, 'delusion': 1, 'with': 1, 'sunscreen?': 1}","{'yes,': 1, 'delusion': 2, 'can': 1, 'be': 1, 'worn': 1, 'with': 1, 'sunscreen.': 1, 'apply': 2, 'sunscreen': 1, 'first,': 1, 'allowing': 1, 'it': 1, 'to': 2, 'fully': 1, 'absorb': 1, 'into': 1, 'the': 1, 'skin,': 1, 'then': 1, 'pulse': 1, 'points': 1, 'for': 1, 'a': 1, 'long-lasting': 1, 'fragrance.': 1}"
Fragrance: Is Delusion suitable for individuals with allergies?,"Delusion is formulated without common allergens and irritants, making it suitable for most individuals. However, we recommend patch testing for individuals with known allergies or sensitivities.",8,26,0.55,0.25,"{'fragrance:': 1, 'is': 1, 'delusion': 1, 'suitable': 1, 'for': 1, 'individuals': 1, 'with': 1, 'allergies?': 1}","{'delusion': 1, 'is': 1, 'formulated': 1, 'without': 1, 'common': 1, 'allergens': 1, 'and': 1, 'irritants,': 1, 'making': 1, 'it': 1, 'suitable': 1, 'for': 2, 'most': 1, 'individuals.': 1, 'however,': 1, 'we': 1, 'recommend': 1, 'patch': 1, 'testing': 1, 'individuals': 1, 'with': 1, 'known': 1, 'allergies': 1, 'or': 1, 'sensitivities.': 1}"
Fragrance: Does Delusion have a subtle or intense fragrance?,"Delusion has a moderate to intense fragrance intensity, making it noticeable without being overwhelming. Its captivating aroma lingers subtly throughout the day, leaving a lasting impression.",9,26,-0.06666666666666665,0.14444444444444446,"{'fragrance:': 1, 'does': 1, 'delusion': 1, 'have': 1, 'a': 1, 'subtle': 1, 'or': 1, 'intense': 1, 'fragrance?': 1}","{'delusion': 1, 'has': 1, 'a': 2, 'moderate': 1, 'to': 1, 'intense': 1, 'fragrance': 1, 'intensity,': 1, 'making': 1, 'it': 1, 'noticeable': 1, 'without': 1, 'being': 1, 'overwhelming.': 1, 'its': 1, 'captivating': 1, 'aroma': 1, 'lingers': 1, 'subtly': 1, 'throughout': 1, 'the': 1, 'day,': 1, 'leaving': 1, 'lasting': 1, 'impression.': 1}"
Fragrance: Can I wear Delusion in the rain?,"While Delusion is water-resistant to some extent, we recommend avoiding exposure to excessive moisture to preserve its fragrance integrity. Keep it dry to ensure optimal performance.",8,26,0.0,-0.15833333333333333,"{'fragrance:': 1, 'can': 1, 'i': 1, 'wear': 1, 'delusion': 1, 'in': 1, 'the': 1, 'rain?': 1}","{'while': 1, 'delusion': 1, 'is': 1, 'water-resistant': 1, 'to': 4, 'some': 1, 'extent,': 1, 'we': 1, 'recommend': 1, 'avoiding': 1, 'exposure': 1, 'excessive': 1, 'moisture': 1, 'preserve': 1, 'its': 1, 'fragrance': 1, 'integrity.': 1, 'keep': 1, 'it': 1, 'dry': 1, 'ensure': 1, 'optimal': 1, 'performance.': 1}"
Fragrance: Is Delusion suitable for individuals with asthma?,"While Delusion is formulated with safe ingredients, we recommend consulting with a healthcare professional before using any fragrance products if you have asthma or respiratory issues.",8,26,0.55,0.3,"{'fragrance:': 1, 'is': 1, 'delusion': 1, 'suitable': 1, 'for': 1, 'individuals': 1, 'with': 1, 'asthma?': 1}","{'while': 1, 'delusion': 1, 'is': 1, 'formulated': 1, 'with': 2, 'safe': 1, 'ingredients,': 1, 'we': 1, 'recommend': 1, 'consulting': 1, 'a': 1, 'healthcare': 1, 'professional': 1, 'before': 1, 'using': 1, 'any': 1, 'fragrance': 1, 'products': 1, 'if': 1, 'you': 1, 'have': 1, 'asthma': 1, 'or': 1, 'respiratory': 1, 'issues.': 1}"
Fragrance: Does Delusion contain any artificial colors?,"Delusion is formulated without artificial colors, ensuring a pure and luxurious fragrance experience. Its elegant simplicity is reflected in its clear and transparent appearance.",7,24,-0.6,0.053571428571428575,"{'fragrance:': 1, 'does': 1, 'delusion': 1, 'contain': 1, 'any': 1, 'artificial': 1, 'colors?': 1}","{'delusion': 1, 'is': 2, 'formulated': 1, 'without': 1, 'artificial': 1, 'colors,': 1, 'ensuring': 1, 'a': 1, 'pure': 1, 'and': 2, 'luxurious': 1, 'fragrance': 1, 'experience.': 1, 'its': 2, 'elegant': 1, 'simplicity': 1, 'reflected': 1, 'in': 1, 'clear': 1, 'transparent': 1, 'appearance.': 1}"
Fragrance: Can I wear Delusion with jewelry?,"Yes, Delusion can be worn with jewelry. Apply the fragrance before putting on your jewelry to prevent any potential staining or discoloration.",7,22,0.0,0.0,"{'fragrance:': 1, 'can': 1, 'i': 1, 'wear': 1, 'delusion': 1, 'with': 1, 'jewelry?': 1}","{'yes,': 1, 'delusion': 1, 'can': 1, 'be': 1, 'worn': 1, 'with': 1, 'jewelry.': 1, 'apply': 1, 'the': 1, 'fragrance': 1, 'before': 1, 'putting': 1, 'on': 1, 'your': 1, 'jewelry': 1, 'to': 1, 'prevent': 1, 'any': 1, 'potential': 1, 'staining': 1, 'or': 1, 'discoloration.': 1}"
Fragrance: Is Delusion suitable for vegetarians or vegans?,Delusion is formulated without animal-derived ingredients and is suitable for vegetarians and vegans. We are committed to ethical and sustainable practices.,8,21,0.55,0.375,"{'fragrance:': 1, 'is': 1, 'delusion': 1, 'suitable': 1, 'for': 1, 'vegetarians': 1, 'or': 1, 'vegans?': 1}","{'delusion': 1, 'is': 2, 'formulated': 1, 'without': 1, 'animal-derived': 1, 'ingredients': 1, 'and': 3, 'suitable': 1, 'for': 1, 'vegetarians': 1, 'vegans.': 1, 'we': 1, 'are': 1, 'committed': 1, 'to': 1, 'ethical': 1, 'sustainable': 1, 'practices.': 1}"
Fragrance: Does Delusion have a floral or fruity scent?,"Delusion has floral notes balanced with woody and spicy undertones, creating a sophisticated and captivating fragrance that appeals to both men and women.",9,23,0.0,0.5,"{'fragrance:': 1, 'does': 1, 'delusion': 1, 'have': 1, 'a': 1, 'floral': 1, 'or': 1, 'fruity': 1, 'scent?': 1}","{'delusion': 1, 'has': 1, 'floral': 1, 'notes': 1, 'balanced': 1, 'with': 1, 'woody': 1, 'and': 3, 'spicy': 1, 'undertones,': 1, 'creating': 1, 'a': 1, 'sophisticated': 1, 'captivating': 1, 'fragrance': 1, 'that': 1, 'appeals': 1, 'to': 1, 'both': 1, 'men': 1, 'women.': 1}"
Fragrance: Can I wear Delusion in cold weather?,"Yes, Delusion can be worn in cold weather. Its warm and inviting scent is perfect for cozying up during the colder months, adding an element of luxury to any ensemble.",8,30,-0.6,0.3333333333333333,"{'fragrance:': 1, 'can': 1, 'i': 1, 'wear': 1, 'delusion': 1, 'in': 1, 'cold': 1, 'weather?': 1}","{'yes,': 1, 'delusion': 1, 'can': 1, 'be': 1, 'worn': 1, 'in': 1, 'cold': 1, 'weather.': 1, 'its': 1, 'warm': 1, 'and': 1, 'inviting': 1, 'scent': 1, 'is': 1, 'perfect': 1, 'for': 1, 'cozying': 1, 'up': 1, 'during': 1, 'the': 1, 'colder': 1, 'months,': 1, 'adding': 1, 'an': 1, 'element': 1, 'of': 1, 'luxury': 1, 'to': 1, 'any': 1, 'ensemble.': 1}"
Fragrance: Is Delusion suitable for sensitive noses?,"Delusion has a moderate fragrance intensity that shouldn't overwhelm sensitive noses. However, we recommend testing it on a small area of skin before applying it liberally to ensure compatibility.",7,29,0.325,-0.049999999999999996,"{'fragrance:': 1, 'is': 1, 'delusion': 1, 'suitable': 1, 'for': 1, 'sensitive': 1, 'noses?': 1}","{'delusion': 1, 'has': 1, 'a': 2, 'moderate': 1, 'fragrance': 1, 'intensity': 1, 'that': 1, ""shouldn't"": 1, 'overwhelm': 1, 'sensitive': 1, 'noses.': 1, 'however,': 1, 'we': 1, 'recommend': 1, 'testing': 1, 'it': 2, 'on': 1, 'small': 1, 'area': 1, 'of': 1, 'skin': 1, 'before': 1, 'applying': 1, 'liberally': 1, 'to': 1, 'ensure': 1, 'compatibility.': 1}"
Fragrance: Can I wear Delusion during pregnancy?,"While Delusion is formulated with safe ingredients, we recommend consulting with your healthcare provider before using any fragrance products during pregnancy to ensure the safety of you and your baby.",7,30,0.0,0.5,"{'fragrance:': 1, 'can': 1, 'i': 1, 'wear': 1, 'delusion': 1, 'during': 1, 'pregnancy?': 1}","{'while': 1, 'delusion': 1, 'is': 1, 'formulated': 1, 'with': 2, 'safe': 1, 'ingredients,': 1, 'we': 1, 'recommend': 1, 'consulting': 1, 'your': 2, 'healthcare': 1, 'provider': 1, 'before': 1, 'using': 1, 'any': 1, 'fragrance': 1, 'products': 1, 'during': 1, 'pregnancy': 1, 'to': 1, 'ensure': 1, 'the': 1, 'safety': 1, 'of': 1, 'you': 1, 'and': 1, 'baby.': 1}"
Fragrance: Does Delusion have a warm or cool undertone?,"Delusion has warm undertones that give it a sensual and inviting quality. Its woody and spicy notes add depth and complexity to the fragrance, creating a captivating aura.",9,28,0.475,0.55,"{'fragrance:': 1, 'does': 1, 'delusion': 1, 'have': 1, 'a': 1, 'warm': 1, 'or': 1, 'cool': 1, 'undertone?': 1}","{'delusion': 1, 'has': 1, 'warm': 1, 'undertones': 1, 'that': 1, 'give': 1, 'it': 1, 'a': 2, 'sensual': 1, 'and': 3, 'inviting': 1, 'quality.': 1, 'its': 1, 'woody': 1, 'spicy': 1, 'notes': 1, 'add': 1, 'depth': 1, 'complexity': 1, 'to': 1, 'the': 1, 'fragrance,': 1, 'creating': 1, 'captivating': 1, 'aura.': 1}"
Fragrance: Is Delusion suitable for gifting to men?,"Yes, Delusion is suitable for gifting to men who appreciate sophisticated and captivating fragrances. Its versatile scent appeals to individuals of all genders and preferences.",8,25,0.55,0.5166666666666667,"{'fragrance:': 1, 'is': 1, 'delusion': 1, 'suitable': 1, 'for': 1, 'gifting': 1, 'to': 1, 'men?': 1}","{'yes,': 1, 'delusion': 1, 'is': 1, 'suitable': 1, 'for': 1, 'gifting': 1, 'to': 2, 'men': 1, 'who': 1, 'appreciate': 1, 'sophisticated': 1, 'and': 2, 'captivating': 1, 'fragrances.': 1, 'its': 1, 'versatile': 1, 'scent': 1, 'appeals': 1, 'individuals': 1, 'of': 1, 'all': 1, 'genders': 1, 'preferences.': 1}"
Fragrance: Does Delusion have a strong initial scent?,"Delusion has a noticeable but not overpowering initial scent. Its captivating aroma unfolds gradually on the skin, revealing its full complexity over time.",8,23,0.21666666666666667,0.2833333333333333,"{'fragrance:': 1, 'does': 1, 'delusion': 1, 'have': 1, 'a': 1, 'strong': 1, 'initial': 1, 'scent?': 1}","{'delusion': 1, 'has': 1, 'a': 1, 'noticeable': 1, 'but': 1, 'not': 1, 'overpowering': 1, 'initial': 1, 'scent.': 1, 'its': 2, 'captivating': 1, 'aroma': 1, 'unfolds': 1, 'gradually': 1, 'on': 1, 'the': 1, 'skin,': 1, 'revealing': 1, 'full': 1, 'complexity': 1, 'over': 1, 'time.': 1}"
Fragrance: Can I wear Delusion with sunscreen?,"Yes, Delusion can be worn with sunscreen. Apply sunscreen first, allowing it to fully absorb into the skin, then apply Delusion to pulse points for a long-lasting fragrance.",7,28,0.0,0.25,"{'fragrance:': 1, 'can': 1, 'i': 1, 'wear': 1, 'delusion': 1, 'with': 1, 'sunscreen?': 1}","{'yes,': 1, 'delusion': 2, 'can': 1, 'be': 1, 'worn': 1, 'with': 1, 'sunscreen.': 1, 'apply': 2, 'sunscreen': 1, 'first,': 1, 'allowing': 1, 'it': 1, 'to': 2, 'fully': 1, 'absorb': 1, 'into': 1, 'the': 1, 'skin,': 1, 'then': 1, 'pulse': 1, 'points': 1, 'for': 1, 'a': 1, 'long-lasting': 1, 'fragrance.': 1}"
Fragrance: Is Delusion suitable for individuals with allergies?,"Delusion is formulated without common allergens and irritants, making it suitable for most individuals. However, we recommend patch testing for individuals with known allergies or sensitivities.",8,26,0.55,0.25,"{'fragrance:': 1, 'is': 1, 'delusion': 1, 'suitable': 1, 'for': 1, 'individuals': 1, 'with': 1, 'allergies?': 1}","{'delusion': 1, 'is': 1, 'formulated': 1, 'without': 1, 'common': 1, 'allergens': 1, 'and': 1, 'irritants,': 1, 'making': 1, 'it': 1, 'suitable': 1, 'for': 2, 'most': 1, 'individuals.': 1, 'however,': 1, 'we': 1, 'recommend': 1, 'patch': 1, 'testing': 1, 'individuals': 1, 'with': 1, 'known': 1, 'allergies': 1, 'or': 1, 'sensitivities.': 1}"
Fragrance: Does Delusion have a subtle or intense fragrance?,"Delusion has a moderate to intense fragrance intensity, making it noticeable without being overwhelming. Its captivating aroma lingers subtly throughout the day, leaving a lasting impression.",9,26,-0.06666666666666665,0.14444444444444446,"{'fragrance:': 1, 'does': 1, 'delusion': 1, 'have': 1, 'a': 1, 'subtle': 1, 'or': 1, 'intense': 1, 'fragrance?': 1}","{'delusion': 1, 'has': 1, 'a': 2, 'moderate': 1, 'to': 1, 'intense': 1, 'fragrance': 1, 'intensity,': 1, 'making': 1, 'it': 1, 'noticeable': 1, 'without': 1, 'being': 1, 'overwhelming.': 1, 'its': 1, 'captivating': 1, 'aroma': 1, 'lingers': 1, 'subtly': 1, 'throughout': 1, 'the': 1, 'day,': 1, 'leaving': 1, 'lasting': 1, 'impression.': 1}"
Fragrance: Can I wear Delusion in the rain?,"While Delusion is water-resistant to some extent, we recommend avoiding exposure to excessive moisture to preserve its fragrance integrity. Keep it dry to ensure optimal performance.",8,26,0.0,-0.15833333333333333,"{'fragrance:': 1, 'can': 1, 'i': 1, 'wear': 1, 'delusion': 1, 'in': 1, 'the': 1, 'rain?': 1}","{'while': 1, 'delusion': 1, 'is': 1, 'water-resistant': 1, 'to': 4, 'some': 1, 'extent,': 1, 'we': 1, 'recommend': 1, 'avoiding': 1, 'exposure': 1, 'excessive': 1, 'moisture': 1, 'preserve': 1, 'its': 1, 'fragrance': 1, 'integrity.': 1, 'keep': 1, 'it': 1, 'dry': 1, 'ensure': 1, 'optimal': 1, 'performance.': 1}"
Fragrance: Is Delusion suitable for individuals with asthma?,"While Delusion is formulated with safe ingredients, we recommend consulting with a healthcare professional before using any fragrance products if you have asthma or respiratory issues.",8,26,0.55,0.3,"{'fragrance:': 1, 'is': 1, 'delusion': 1, 'suitable': 1, 'for': 1, 'individuals': 1, 'with': 1, 'asthma?': 1}","{'while': 1, 'delusion': 1, 'is': 1, 'formulated': 1, 'with': 2, 'safe': 1, 'ingredients,': 1, 'we': 1, 'recommend': 1, 'consulting': 1, 'a': 1, 'healthcare': 1, 'professional': 1, 'before': 1, 'using': 1, 'any': 1, 'fragrance': 1, 'products': 1, 'if': 1, 'you': 1, 'have': 1, 'asthma': 1, 'or': 1, 'respiratory': 1, 'issues.': 1}"
Fragrance: Does Delusion contain any artificial colors?,"Delusion is formulated without artificial colors, ensuring a pure and luxurious fragrance experience. Its elegant simplicity is reflected in its clear and transparent appearance.",7,24,-0.6,0.053571428571428575,"{'fragrance:': 1, 'does': 1, 'delusion': 1, 'contain': 1, 'any': 1, 'artificial': 1, 'colors?': 1}","{'delusion': 1, 'is': 2, 'formulated': 1, 'without': 1, 'artificial': 1, 'colors,': 1, 'ensuring': 1, 'a': 1, 'pure': 1, 'and': 2, 'luxurious': 1, 'fragrance': 1, 'experience.': 1, 'its': 2, 'elegant': 1, 'simplicity': 1, 'reflected': 1, 'in': 1, 'clear': 1, 'transparent': 1, 'appearance.': 1}"
Fragrance: Can I wear Delusion with jewelry?,"Yes, Delusion can be worn with jewelry. Apply the fragrance before putting on your jewelry to prevent any potential staining or discoloration.",7,22,0.0,0.0,"{'fragrance:': 1, 'can': 1, 'i': 1, 'wear': 1, 'delusion': 1, 'with': 1, 'jewelry?': 1}","{'yes,': 1, 'delusion': 1, 'can': 1, 'be': 1, 'worn': 1, 'with': 1, 'jewelry.': 1, 'apply': 1, 'the': 1, 'fragrance': 1, 'before': 1, 'putting': 1, 'on': 1, 'your': 1, 'jewelry': 1, 'to': 1, 'prevent': 1, 'any': 1, 'potential': 1, 'staining': 1, 'or': 1, 'discoloration.': 1}"
Fragrance: Is Delusion suitable for vegetarians or vegans?,Delusion is formulated without animal-derived ingredients and is suitable for vegetarians and vegans. We are committed to ethical and sustainable practices.,8,21,0.55,0.375,"{'fragrance:': 1, 'is': 1, 'delusion': 1, 'suitable': 1, 'for': 1, 'vegetarians': 1, 'or': 1, 'vegans?': 1}","{'delusion': 1, 'is': 2, 'formulated': 1, 'without': 1, 'animal-derived': 1, 'ingredients': 1, 'and': 3, 'suitable': 1, 'for': 1, 'vegetarians': 1, 'vegans.': 1, 'we': 1, 'are': 1, 'committed': 1, 'to': 1, 'ethical': 1, 'sustainable': 1, 'practices.': 1}"
Fragrance: Does Delusion have a floral or fruity scent?,"Delusion has floral notes balanced with woody and spicy undertones, creating a sophisticated and captivating fragrance that appeals to both men and women.",9,23,0.0,0.5,"{'fragrance:': 1, 'does': 1, 'delusion': 1, 'have': 1, 'a': 1, 'floral': 1, 'or': 1, 'fruity': 1, 'scent?': 1}","{'delusion': 1, 'has': 1, 'floral': 1, 'notes': 1, 'balanced': 1, 'with': 1, 'woody': 1, 'and': 3, 'spicy': 1, 'undertones,': 1, 'creating': 1, 'a': 1, 'sophisticated': 1, 'captivating': 1, 'fragrance': 1, 'that': 1, 'appeals': 1, 'to': 1, 'both': 1, 'men': 1, 'women.': 1}"
Fragrance: Can I wear Delusion in cold weather?,"Yes, Delusion can be worn in cold weather. Its warm and inviting scent is perfect for cozying up during the colder months, adding an element of luxury to any ensemble.",8,30,-0.6,0.3333333333333333,"{'fragrance:': 1, 'can': 1, 'i': 1, 'wear': 1, 'delusion': 1, 'in': 1, 'cold': 1, 'weather?': 1}","{'yes,': 1, 'delusion': 1, 'can': 1, 'be': 1, 'worn': 1, 'in': 1, 'cold': 1, 'weather.': 1, 'its': 1, 'warm': 1, 'and': 1, 'inviting': 1, 'scent': 1, 'is': 1, 'perfect': 1, 'for': 1, 'cozying': 1, 'up': 1, 'during': 1, 'the': 1, 'colder': 1, 'months,': 1, 'adding': 1, 'an': 1, 'element': 1, 'of': 1, 'luxury': 1, 'to': 1, 'any': 1, 'ensemble.': 1}"
Fragrance: Is Delusion suitable for individuals with sensitive skin?,"While Delusion is formulated with high-quality ingredients, we recommend patch testing for individuals with sensitive skin to ensure compatibility.",9,19,0.325,0.1,"{'fragrance:': 1, 'is': 1, 'delusion': 1, 'suitable': 1, 'for': 1, 'individuals': 1, 'with': 1, 'sensitive': 1, 'skin?': 1}","{'while': 1, 'delusion': 1, 'is': 1, 'formulated': 1, 'with': 2, 'high-quality': 1, 'ingredients,': 1, 'we': 1, 'recommend': 1, 'patch': 1, 'testing': 1, 'for': 1, 'individuals': 1, 'sensitive': 1, 'skin': 1, 'to': 1, 'ensure': 1, 'compatibility.': 1}"
Fragrance: How should I store Delusion to maintain its fragrance?,"To preserve the integrity of Delusion's fragrance, store it in a cool, dry place away from direct sunlight and heat sources. Keep the bottle tightly closed when not in use.",10,30,0.0,0.07083333333333333,"{'fragrance:': 1, 'how': 1, 'should': 1, 'i': 1, 'store': 1, 'delusion': 1, 'to': 1, 'maintain': 1, 'its': 1, 'fragrance?': 1}","{'to': 1, 'preserve': 1, 'the': 2, 'integrity': 1, 'of': 1, ""delusion's"": 1, 'fragrance,': 1, 'store': 1, 'it': 1, 'in': 2, 'a': 1, 'cool,': 1, 'dry': 1, 'place': 1, 'away': 1, 'from': 1, 'direct': 1, 'sunlight': 1, 'and': 1, 'heat': 1, 'sources.': 1, 'keep': 1, 'bottle': 1, 'tightly': 1, 'closed': 1, 'when': 1, 'not': 1, 'use.': 1}"
Fragrance: Can I purchase Delusion online?,"Yes, Delusion is available for purchase online through our official website. Simply browse our selection, choose your preferred size, and proceed to checkout.",6,23,0.0,0.2,"{'fragrance:': 1, 'can': 1, 'i': 1, 'purchase': 1, 'delusion': 1, 'online?': 1}","{'yes,': 1, 'delusion': 1, 'is': 1, 'available': 1, 'for': 1, 'purchase': 1, 'online': 1, 'through': 1, 'our': 2, 'official': 1, 'website.': 1, 'simply': 1, 'browse': 1, 'selection,': 1, 'choose': 1, 'your': 1, 'preferred': 1, 'size,': 1, 'and': 1, 'proceed': 1, 'to': 1, 'checkout.': 1}"
Fragrance: What packaging does Delusion come in?,"Delusion is elegantly packaged in a sleek and sophisticated bottle, designed to complement its luxurious scent. It makes for a perfect gift or indulgent treat for yourself.",7,27,0.0,0.6666666666666666,"{'fragrance:': 1, 'what': 1, 'packaging': 1, 'does': 1, 'delusion': 1, 'come': 1, 'in?': 1}","{'delusion': 1, 'is': 1, 'elegantly': 1, 'packaged': 1, 'in': 1, 'a': 2, 'sleek': 1, 'and': 1, 'sophisticated': 1, 'bottle,': 1, 'designed': 1, 'to': 1, 'complement': 1, 'its': 1, 'luxurious': 1, 'scent.': 1, 'it': 1, 'makes': 1, 'for': 2, 'perfect': 1, 'gift': 1, 'or': 1, 'indulgent': 1, 'treat': 1, 'yourself.': 1}"
Fragrance: Is Delusion suitable for all ages?,Delusion is suitable for adults of all ages who appreciate sophisticated and captivating fragrances. Its timeless appeal transcends generational boundaries.,7,20,0.55,0.5166666666666667,"{'fragrance:': 1, 'is': 1, 'delusion': 1, 'suitable': 1, 'for': 1, 'all': 1, 'ages?': 1}","{'delusion': 1, 'is': 1, 'suitable': 1, 'for': 1, 'adults': 1, 'of': 1, 'all': 1, 'ages': 1, 'who': 1, 'appreciate': 1, 'sophisticated': 1, 'and': 1, 'captivating': 1, 'fragrances.': 1, 'its': 1, 'timeless': 1, 'appeal': 1, 'transcends': 1, 'generational': 1, 'boundaries.': 1}"
Fragrance: Does Delusion have a distinct opening or dry down?,"Yes, Delusion has a distinct opening characterized by its floral and spicy notes, which gradually transition into a warm and sensual dry down. It evolves beautifully on the skin over time.",10,31,0.025925925925925925,0.3055555555555555,"{'fragrance:': 1, 'does': 1, 'delusion': 1, 'have': 1, 'a': 1, 'distinct': 1, 'opening': 1, 'or': 1, 'dry': 1, 'down?': 1}","{'yes,': 1, 'delusion': 1, 'has': 1, 'a': 2, 'distinct': 1, 'opening': 1, 'characterized': 1, 'by': 1, 'its': 1, 'floral': 1, 'and': 2, 'spicy': 1, 'notes,': 1, 'which': 1, 'gradually': 1, 'transition': 1, 'into': 1, 'warm': 1, 'sensual': 1, 'dry': 1, 'down.': 1, 'it': 1, 'evolves': 1, 'beautifully': 1, 'on': 1, 'the': 1, 'skin': 1, 'over': 1, 'time.': 1}"
Fragrance: Can I wear Delusion in hot weather?,"Yes, Delusion can be worn in hot weather. Its alluring scent is not overpowering and adapts well to different climates, making it suitable for year-round wear.",8,26,0.25,0.26666666666666666,"{'fragrance:': 1, 'can': 1, 'i': 1, 'wear': 1, 'delusion': 1, 'in': 1, 'hot': 1, 'weather?': 1}","{'yes,': 1, 'delusion': 1, 'can': 1, 'be': 1, 'worn': 1, 'in': 1, 'hot': 1, 'weather.': 1, 'its': 1, 'alluring': 1, 'scent': 1, 'is': 1, 'not': 1, 'overpowering': 1, 'and': 1, 'adapts': 1, 'well': 1, 'to': 1, 'different': 1, 'climates,': 1, 'making': 1, 'it': 1, 'suitable': 1, 'for': 1, 'year-round': 1, 'wear.': 1}"
Fragrance: Is Delusion suitable for formal events?,"Yes, Delusion is perfect for formal events. Its sophisticated aroma adds an air of elegance and allure, making it the ideal accessory for special occasions.",7,25,0.55,0.6892857142857143,"{'fragrance:': 1, 'is': 1, 'delusion': 1, 'suitable': 1, 'for': 1, 'formal': 1, 'events?': 1}","{'yes,': 1, 'delusion': 1, 'is': 1, 'perfect': 1, 'for': 2, 'formal': 1, 'events.': 1, 'its': 1, 'sophisticated': 1, 'aroma': 1, 'adds': 1, 'an': 1, 'air': 1, 'of': 1, 'elegance': 1, 'and': 1, 'allure,': 1, 'making': 1, 'it': 1, 'the': 1, 'ideal': 1, 'accessory': 1, 'special': 1, 'occasions.': 1}"
Fragrance: Does Delusion contain any synthetic ingredients?,"Delusion is formulated with a blend of natural and synthetic ingredients to achieve its captivating scent profile. Rest assured, it undergoes rigorous testing to ensure quality and safety.",7,28,0.0,0.3,"{'fragrance:': 1, 'does': 1, 'delusion': 1, 'contain': 1, 'any': 1, 'synthetic': 1, 'ingredients?': 1}","{'delusion': 1, 'is': 1, 'formulated': 1, 'with': 1, 'a': 1, 'blend': 1, 'of': 1, 'natural': 1, 'and': 2, 'synthetic': 1, 'ingredients': 1, 'to': 2, 'achieve': 1, 'its': 1, 'captivating': 1, 'scent': 1, 'profile.': 1, 'rest': 1, 'assured,': 1, 'it': 1, 'undergoes': 1, 'rigorous': 1, 'testing': 1, 'ensure': 1, 'quality': 1, 'safety.': 1}"
Fragrance: How do I apply Delusion for best results?,"For best results, apply Delusion to pulse points such as the wrists, neck, and behind the ears. Allow the fragrance to develop on your skin to fully experience its depth and complexity.",9,32,1.0,0.19999999999999998,"{'fragrance:': 1, 'how': 1, 'do': 1, 'i': 1, 'apply': 1, 'delusion': 1, 'for': 1, 'best': 1, 'results?': 1}","{'for': 1, 'best': 1, 'results,': 1, 'apply': 1, 'delusion': 1, 'to': 3, 'pulse': 1, 'points': 1, 'such': 1, 'as': 1, 'the': 3, 'wrists,': 1, 'neck,': 1, 'and': 2, 'behind': 1, 'ears.': 1, 'allow': 1, 'fragrance': 1, 'develop': 1, 'on': 1, 'your': 1, 'skin': 1, 'fully': 1, 'experience': 1, 'its': 1, 'depth': 1, 'complexity.': 1}"
Fragrance: Can I purchase Delusion as a gift?,"Yes, Delusion makes for an exquisite gift. Its luxurious packaging and captivating scent are sure to delight any recipient, making it the perfect choice for birthdays, anniversaries, or other special occasions.",8,31,0.0,0.5386904761904762,"{'fragrance:': 1, 'can': 1, 'i': 1, 'purchase': 1, 'delusion': 1, 'as': 1, 'a': 1, 'gift?': 1}","{'yes,': 1, 'delusion': 1, 'makes': 1, 'for': 2, 'an': 1, 'exquisite': 1, 'gift.': 1, 'its': 1, 'luxurious': 1, 'packaging': 1, 'and': 1, 'captivating': 1, 'scent': 1, 'are': 1, 'sure': 1, 'to': 1, 'delight': 1, 'any': 1, 'recipient,': 1, 'making': 1, 'it': 1, 'the': 1, 'perfect': 1, 'choice': 1, 'birthdays,': 1, 'anniversaries,': 1, 'or': 1, 'other': 1, 'special': 1, 'occasions.': 1}"
Fragrance: Is Delusion suitable for evening wear?,"Yes, Delusion is perfect for evening wear. Its seductive and enigmatic aroma adds an element of mystery and allure to any nighttime ensemble.",7,23,0.55,0.55,"{'fragrance:': 1, 'is': 1, 'delusion': 1, 'suitable': 1, 'for': 1, 'evening': 1, 'wear?': 1}","{'yes,': 1, 'delusion': 1, 'is': 1, 'perfect': 1, 'for': 1, 'evening': 1, 'wear.': 1, 'its': 1, 'seductive': 1, 'and': 2, 'enigmatic': 1, 'aroma': 1, 'adds': 1, 'an': 1, 'element': 1, 'of': 1, 'mystery': 1, 'allure': 1, 'to': 1, 'any': 1, 'nighttime': 1, 'ensemble.': 1}"
Fragrance: Can I find Delusion in stores?,"Yes, Delusion is available in select stores. Please check our website for a list of authorized retailers in your area.",7,20,0.0,0.4,"{'fragrance:': 1, 'can': 1, 'i': 1, 'find': 1, 'delusion': 1, 'in': 1, 'stores?': 1}","{'yes,': 1, 'delusion': 1, 'is': 1, 'available': 1, 'in': 2, 'select': 1, 'stores.': 1, 'please': 1, 'check': 1, 'our': 1, 'website': 1, 'for': 1, 'a': 1, 'list': 1, 'of': 1, 'authorized': 1, 'retailers': 1, 'your': 1, 'area.': 1}"
Fragrance: Does Delusion have a unique bottle design?,"Yes, Delusion is housed in a stunning bottle designed to reflect the elegance and sophistication of its fragrance. Its sleek and modern design adds a touch of luxury to any vanity or dressing table.",8,34,0.375,0.35,"{'fragrance:': 1, 'does': 1, 'delusion': 1, 'have': 1, 'a': 1, 'unique': 1, 'bottle': 1, 'design?': 1}","{'yes,': 1, 'delusion': 1, 'is': 1, 'housed': 1, 'in': 1, 'a': 2, 'stunning': 1, 'bottle': 1, 'designed': 1, 'to': 2, 'reflect': 1, 'the': 1, 'elegance': 1, 'and': 2, 'sophistication': 1, 'of': 2, 'its': 2, 'fragrance.': 1, 'sleek': 1, 'modern': 1, 'design': 1, 'adds': 1, 'touch': 1, 'luxury': 1, 'any': 1, 'vanity': 1, 'or': 1, 'dressing': 1, 'table.': 1}"
Fragrance: Can I wear Delusion in the workplace?,"Yes, Delusion is suitable for the workplace. Its sophisticated scent is subtle yet noticeable, making it appropriate for professional environments.",8,20,0.0,0.26333333333333336,"{'fragrance:': 1, 'can': 1, 'i': 1, 'wear': 1, 'delusion': 1, 'in': 1, 'the': 1, 'workplace?': 1}","{'yes,': 1, 'delusion': 1, 'is': 2, 'suitable': 1, 'for': 2, 'the': 1, 'workplace.': 1, 'its': 1, 'sophisticated': 1, 'scent': 1, 'subtle': 1, 'yet': 1, 'noticeable,': 1, 'making': 1, 'it': 1, 'appropriate': 1, 'professional': 1, 'environments.': 1}"
Fragrance: Is Delusion suitable for casual wear?,"Yes, Delusion is perfect for casual wear. Its versatile scent adapts well to any setting, whether you're running errands or enjoying a leisurely day out.",7,25,0.025000000000000022,0.3333333333333333,"{'fragrance:': 1, 'is': 1, 'delusion': 1, 'suitable': 1, 'for': 1, 'casual': 1, 'wear?': 1}","{'yes,': 1, 'delusion': 1, 'is': 1, 'perfect': 1, 'for': 1, 'casual': 1, 'wear.': 1, 'its': 1, 'versatile': 1, 'scent': 1, 'adapts': 1, 'well': 1, 'to': 1, 'any': 1, 'setting,': 1, 'whether': 1, ""you're"": 1, 'running': 1, 'errands': 1, 'or': 1, 'enjoying': 1, 'a': 1, 'leisurely': 1, 'day': 1, 'out.': 1}"
Fragrance: Can I sample Delusion before purchasing a full-size bottle?,"Yes, we offer samples of Delusion for purchase on our website. Try it out and experience its captivating aroma before committing to a full-size bottle.",10,25,0.0,0.5,"{'fragrance:': 1, 'can': 1, 'i': 1, 'sample': 1, 'delusion': 1, 'before': 1, 'purchasing': 1, 'a': 1, 'full-size': 1, 'bottle?': 1}","{'yes,': 1, 'we': 1, 'offer': 1, 'samples': 1, 'of': 1, 'delusion': 1, 'for': 1, 'purchase': 1, 'on': 1, 'our': 1, 'website.': 1, 'try': 1, 'it': 1, 'out': 1, 'and': 1, 'experience': 1, 'its': 1, 'captivating': 1, 'aroma': 1, 'before': 1, 'committing': 1, 'to': 1, 'a': 1, 'full-size': 1, 'bottle.': 1}"
Fragrance: Is Delusion long-lasting?,"Yes, Delusion has excellent longevity, lasting for up to 8-10 hours on the skin. Its captivating scent lingers subtly throughout the day, leaving a lasting impression.",4,26,0.0,0.23333333333333334,"{'fragrance:': 1, 'is': 1, 'delusion': 1, 'long-lasting?': 1}","{'yes,': 1, 'delusion': 1, 'has': 1, 'excellent': 1, 'longevity,': 1, 'lasting': 2, 'for': 1, 'up': 1, 'to': 1, '8-10': 1, 'hours': 1, 'on': 1, 'the': 2, 'skin.': 1, 'its': 1, 'captivating': 1, 'scent': 1, 'lingers': 1, 'subtly': 1, 'throughout': 1, 'day,': 1, 'leaving': 1, 'a': 1, 'impression.': 1}"
Fragrance: Does Delusion have a sweet or floral scent?,"Delusion has a balanced scent profile with floral, woody, and spicy notes. While it's not overly sweet, the floral elements add a hint of femininity and elegance to the fragrance.",9,30,0.35,0.35,"{'fragrance:': 1, 'does': 1, 'delusion': 1, 'have': 1, 'a': 1, 'sweet': 1, 'or': 1, 'floral': 1, 'scent?': 1}","{'delusion': 1, 'has': 1, 'a': 2, 'balanced': 1, 'scent': 1, 'profile': 1, 'with': 1, 'floral,': 1, 'woody,': 1, 'and': 2, 'spicy': 1, 'notes.': 1, 'while': 1, ""it's"": 1, 'not': 1, 'overly': 1, 'sweet,': 1, 'the': 2, 'floral': 1, 'elements': 1, 'add': 1, 'hint': 1, 'of': 1, 'femininity': 1, 'elegance': 1, 'to': 1, 'fragrance.': 1}"
Fragrance: Can I wear Delusion year-round?,"Yes, Delusion is suitable for year-round wear. Its versatile scent adapts well to different seasons and occasions, making it a staple in any fragrance collection.",6,25,0.0,0.275,"{'fragrance:': 1, 'can': 1, 'i': 1, 'wear': 1, 'delusion': 1, 'year-round?': 1}","{'yes,': 1, 'delusion': 1, 'is': 1, 'suitable': 1, 'for': 1, 'year-round': 1, 'wear.': 1, 'its': 1, 'versatile': 1, 'scent': 1, 'adapts': 1, 'well': 1, 'to': 1, 'different': 1, 'seasons': 1, 'and': 1, 'occasions,': 1, 'making': 1, 'it': 1, 'a': 1, 'staple': 1, 'in': 1, 'any': 1, 'fragrance': 1, 'collection.': 1}"
Fragrance: Is Delusion suitable for romantic occasions?,"Yes, Delusion is perfect for romantic occasions. Its alluring scent creates an intimate and seductive atmosphere, perfect for date nights or special moments with a loved one.",7,27,0.275,0.5428571428571428,"{'fragrance:': 1, 'is': 1, 'delusion': 1, 'suitable': 1, 'for': 1, 'romantic': 1, 'occasions?': 1}","{'yes,': 1, 'delusion': 1, 'is': 1, 'perfect': 2, 'for': 2, 'romantic': 1, 'occasions.': 1, 'its': 1, 'alluring': 1, 'scent': 1, 'creates': 1, 'an': 1, 'intimate': 1, 'and': 1, 'seductive': 1, 'atmosphere,': 1, 'date': 1, 'nights': 1, 'or': 1, 'special': 1, 'moments': 1, 'with': 1, 'a': 1, 'loved': 1, 'one.': 1}"
Fragrance: Does Delusion leave a residue on clothing?,"Delusion is formulated to be lightweight and non-greasy, so it shouldn't leave a residue on clothing when applied correctly. However, we recommend avoiding excessive application to prevent any potential transfer.",8,30,0.0,-0.125,"{'fragrance:': 1, 'does': 1, 'delusion': 1, 'leave': 1, 'a': 1, 'residue': 1, 'on': 1, 'clothing?': 1}","{'delusion': 1, 'is': 1, 'formulated': 1, 'to': 2, 'be': 1, 'lightweight': 1, 'and': 1, 'non-greasy,': 1, 'so': 1, 'it': 1, ""shouldn't"": 1, 'leave': 1, 'a': 1, 'residue': 1, 'on': 1, 'clothing': 1, 'when': 1, 'applied': 1, 'correctly.': 1, 'however,': 1, 'we': 1, 'recommend': 1, 'avoiding': 1, 'excessive': 1, 'application': 1, 'prevent': 1, 'any': 1, 'potential': 1, 'transfer.': 1}"
Fragrance: Can I layer Delusion with other products from the same brand?,"Yes, Delusion can be layered with other products from the same brand to enhance its scent or create a personalized fragrance experience. Experiment with different combinations to find your perfect match.",12,31,-0.0625,0.21875,"{'fragrance:': 1, 'can': 1, 'i': 1, 'layer': 1, 'delusion': 1, 'with': 1, 'other': 1, 'products': 1, 'from': 1, 'the': 1, 'same': 1, 'brand?': 1}","{'yes,': 1, 'delusion': 1, 'can': 1, 'be': 1, 'layered': 1, 'with': 2, 'other': 1, 'products': 1, 'from': 1, 'the': 1, 'same': 1, 'brand': 1, 'to': 2, 'enhance': 1, 'its': 1, 'scent': 1, 'or': 1, 'create': 1, 'a': 1, 'personalized': 1, 'fragrance': 1, 'experience.': 1, 'experiment': 1, 'different': 1, 'combinations': 1, 'find': 1, 'your': 1, 'perfect': 1, 'match.': 1}"
Fragrance: Is Delusion suitable for individuals with asthma?,"While Delusion is formulated with safe ingredients, we recommend consulting with a healthcare professional before using any fragrance products if you have asthma or respiratory issues.",8,26,0.55,0.3,"{'fragrance:': 1, 'is': 1, 'delusion': 1, 'suitable': 1, 'for': 1, 'individuals': 1, 'with': 1, 'asthma?': 1}","{'while': 1, 'delusion': 1, 'is': 1, 'formulated': 1, 'with': 2, 'safe': 1, 'ingredients,': 1, 'we': 1, 'recommend': 1, 'consulting': 1, 'a': 1, 'healthcare': 1, 'professional': 1, 'before': 1, 'using': 1, 'any': 1, 'fragrance': 1, 'products': 1, 'if': 1, 'you': 1, 'have': 1, 'asthma': 1, 'or': 1, 'respiratory': 1, 'issues.': 1}"
Fragrance: Does Delusion contain any artificial colors?,"Delusion is formulated without artificial colors, ensuring a pure and luxurious fragrance experience. Its elegant simplicity is reflected in its clear and transparent appearance.",7,24,-0.6,0.053571428571428575,"{'fragrance:': 1, 'does': 1, 'delusion': 1, 'contain': 1, 'any': 1, 'artificial': 1, 'colors?': 1}","{'delusion': 1, 'is': 2, 'formulated': 1, 'without': 1, 'artificial': 1, 'colors,': 1, 'ensuring': 1, 'a': 1, 'pure': 1, 'and': 2, 'luxurious': 1, 'fragrance': 1, 'experience.': 1, 'its': 2, 'elegant': 1, 'simplicity': 1, 'reflected': 1, 'in': 1, 'clear': 1, 'transparent': 1, 'appearance.': 1}"
Fragrance: Can I wear Delusion with jewelry?,"Yes, Delusion can be worn with jewelry. Apply the fragrance before putting on your jewelry to prevent any potential staining or discoloration.",7,22,0.0,0.0,"{'fragrance:': 1, 'can': 1, 'i': 1, 'wear': 1, 'delusion': 1, 'with': 1, 'jewelry?': 1}","{'yes,': 1, 'delusion': 1, 'can': 1, 'be': 1, 'worn': 1, 'with': 1, 'jewelry.': 1, 'apply': 1, 'the': 1, 'fragrance': 1, 'before': 1, 'putting': 1, 'on': 1, 'your': 1, 'jewelry': 1, 'to': 1, 'prevent': 1, 'any': 1, 'potential': 1, 'staining': 1, 'or': 1, 'discoloration.': 1}"
Fragrance: Is Delusion suitable for vegetarians or vegans?,Delusion is formulated without animal-derived ingredients and is suitable for vegetarians and vegans. We are committed to ethical and sustainable practices.,8,21,0.55,0.375,"{'fragrance:': 1, 'is': 1, 'delusion': 1, 'suitable': 1, 'for': 1, 'vegetarians': 1, 'or': 1, 'vegans?': 1}","{'delusion': 1, 'is': 2, 'formulated': 1, 'without': 1, 'animal-derived': 1, 'ingredients': 1, 'and': 3, 'suitable': 1, 'for': 1, 'vegetarians': 1, 'vegans.': 1, 'we': 1, 'are': 1, 'committed': 1, 'to': 1, 'ethical': 1, 'sustainable': 1, 'practices.': 1}"
Fragrance: Does Delusion have a floral or fruity scent?,"Delusion has floral notes balanced with woody and spicy undertones, creating a sophisticated and captivating fragrance that appeals to both men and women.",9,23,0.0,0.5,"{'fragrance:': 1, 'does': 1, 'delusion': 1, 'have': 1, 'a': 1, 'floral': 1, 'or': 1, 'fruity': 1, 'scent?': 1}","{'delusion': 1, 'has': 1, 'floral': 1, 'notes': 1, 'balanced': 1, 'with': 1, 'woody': 1, 'and': 3, 'spicy': 1, 'undertones,': 1, 'creating': 1, 'a': 1, 'sophisticated': 1, 'captivating': 1, 'fragrance': 1, 'that': 1, 'appeals': 1, 'to': 1, 'both': 1, 'men': 1, 'women.': 1}"
Fragrance: Can I wear Delusion in cold weather?,"Yes, Delusion can be worn in cold weather. Its warm and inviting scent is perfect for cozying up during the colder months, adding an element of luxury to any ensemble.",8,30,-0.6,0.3333333333333333,"{'fragrance:': 1, 'can': 1, 'i': 1, 'wear': 1, 'delusion': 1, 'in': 1, 'cold': 1, 'weather?': 1}","{'yes,': 1, 'delusion': 1, 'can': 1, 'be': 1, 'worn': 1, 'in': 1, 'cold': 1, 'weather.': 1, 'its': 1, 'warm': 1, 'and': 1, 'inviting': 1, 'scent': 1, 'is': 1, 'perfect': 1, 'for': 1, 'cozying': 1, 'up': 1, 'during': 1, 'the': 1, 'colder': 1, 'months,': 1, 'adding': 1, 'an': 1, 'element': 1, 'of': 1, 'luxury': 1, 'to': 1, 'any': 1, 'ensemble.': 1}"
Fragrance: Does Delusion have a powdery or creamy scent?,"Delusion leans more towards a creamy scent due to its combination of musk and woody notes, which add depth and richness to the fragrance.",9,24,0.0,0.1875,"{'fragrance:': 1, 'does': 1, 'delusion': 1, 'have': 1, 'a': 1, 'powdery': 1, 'or': 1, 'creamy': 1, 'scent?': 1}","{'delusion': 1, 'leans': 1, 'more': 1, 'towards': 1, 'a': 1, 'creamy': 1, 'scent': 1, 'due': 1, 'to': 2, 'its': 1, 'combination': 1, 'of': 1, 'musk': 1, 'and': 2, 'woody': 1, 'notes,': 1, 'which': 1, 'add': 1, 'depth': 1, 'richness': 1, 'the': 1, 'fragrance.': 1}"
Fragrance: Can I wear Delusion in a professional setting?,"Absolutely! Delusion's sophisticated and subtle scent makes it perfect for professional settings, adding a touch of elegance without overwhelming others.",9,20,0.1,0.3361111111111111,"{'fragrance:': 1, 'can': 1, 'i': 1, 'wear': 1, 'delusion': 1, 'in': 1, 'a': 1, 'professional': 1, 'setting?': 1}","{'absolutely!': 1, ""delusion's"": 1, 'sophisticated': 1, 'and': 1, 'subtle': 1, 'scent': 1, 'makes': 1, 'it': 1, 'perfect': 1, 'for': 1, 'professional': 1, 'settings,': 1, 'adding': 1, 'a': 1, 'touch': 1, 'of': 1, 'elegance': 1, 'without': 1, 'overwhelming': 1, 'others.': 1}"
Fragrance: Does Delusion have a noticeable sillage?,"Yes, Delusion has a moderate sillage, leaving a subtle trail of its captivating aroma as you move throughout the day.",7,20,0.0,0.05555555555555556,"{'fragrance:': 1, 'does': 1, 'delusion': 1, 'have': 1, 'a': 1, 'noticeable': 1, 'sillage?': 1}","{'yes,': 1, 'delusion': 1, 'has': 1, 'a': 2, 'moderate': 1, 'sillage,': 1, 'leaving': 1, 'subtle': 1, 'trail': 1, 'of': 1, 'its': 1, 'captivating': 1, 'aroma': 1, 'as': 1, 'you': 1, 'move': 1, 'throughout': 1, 'the': 1, 'day.': 1}"
Fragrance: Is Delusion suitable for layering with other fragrances?,"Yes, Delusion can be layered with complementary fragrances to create a unique scent profile that reflects your personal style.",9,19,0.21250000000000002,0.1875,"{'fragrance:': 1, 'is': 1, 'delusion': 1, 'suitable': 1, 'for': 1, 'layering': 1, 'with': 1, 'other': 1, 'fragrances?': 1}","{'yes,': 1, 'delusion': 1, 'can': 1, 'be': 1, 'layered': 1, 'with': 1, 'complementary': 1, 'fragrances': 1, 'to': 1, 'create': 1, 'a': 1, 'unique': 1, 'scent': 1, 'profile': 1, 'that': 1, 'reflects': 1, 'your': 1, 'personal': 1, 'style.': 1}"
Fragrance: Can I wear Delusion during exercise or physical activity?,"While Delusion is not specifically designed for intense physical activity, you can still wear it lightly for a hint of fragrance during light exercise.",10,24,0.0,0.25,"{'fragrance:': 1, 'can': 1, 'i': 1, 'wear': 1, 'delusion': 1, 'during': 1, 'exercise': 1, 'or': 1, 'physical': 1, 'activity?': 1}","{'while': 1, 'delusion': 1, 'is': 1, 'not': 1, 'specifically': 1, 'designed': 1, 'for': 2, 'intense': 1, 'physical': 1, 'activity,': 1, 'you': 1, 'can': 1, 'still': 1, 'wear': 1, 'it': 1, 'lightly': 1, 'a': 1, 'hint': 1, 'of': 1, 'fragrance': 1, 'during': 1, 'light': 1, 'exercise.': 1}"
Fragrance: Does Delusion contain any phthalates?,"No, Delusion is free from phthalates, ensuring a safe and luxurious fragrance experience for all.",6,15,0.0,0.45,"{'fragrance:': 1, 'does': 1, 'delusion': 1, 'contain': 1, 'any': 1, 'phthalates?': 1}","{'no,': 1, 'delusion': 1, 'is': 1, 'free': 1, 'from': 1, 'phthalates,': 1, 'ensuring': 1, 'a': 1, 'safe': 1, 'and': 1, 'luxurious': 1, 'fragrance': 1, 'experience': 1, 'for': 1, 'all.': 1}"
Fragrance: Can I wear Delusion in a humid climate?,"Yes, Delusion is suitable for humid climates. Its captivating scent remains intact even in humid conditions, providing a refreshing and uplifting experience.",9,22,0.0,0.5166666666666667,"{'fragrance:': 1, 'can': 1, 'i': 1, 'wear': 1, 'delusion': 1, 'in': 1, 'a': 1, 'humid': 1, 'climate?': 1}","{'yes,': 1, 'delusion': 1, 'is': 1, 'suitable': 1, 'for': 1, 'humid': 2, 'climates.': 1, 'its': 1, 'captivating': 1, 'scent': 1, 'remains': 1, 'intact': 1, 'even': 1, 'in': 1, 'conditions,': 1, 'providing': 1, 'a': 1, 'refreshing': 1, 'and': 1, 'uplifting': 1, 'experience.': 1}"
Fragrance: Does Delusion have a fresh or warm scent profile?,"Delusion strikes a perfect balance between fresh and warm notes, creating a versatile fragrance that is suitable for any occasion.",10,20,0.44999999999999996,0.6125,"{'fragrance:': 1, 'does': 1, 'delusion': 1, 'have': 1, 'a': 1, 'fresh': 1, 'or': 1, 'warm': 1, 'scent': 1, 'profile?': 1}","{'delusion': 1, 'strikes': 1, 'a': 2, 'perfect': 1, 'balance': 1, 'between': 1, 'fresh': 1, 'and': 1, 'warm': 1, 'notes,': 1, 'creating': 1, 'versatile': 1, 'fragrance': 1, 'that': 1, 'is': 1, 'suitable': 1, 'for': 1, 'any': 1, 'occasion.': 1}"
Fragrance: Is Delusion suitable for individuals with dry skin?,"Yes, Delusion is suitable for individuals with dry skin. Its moisturizing formulation helps to hydrate and nourish the skin while leaving behind a captivating scent.",9,25,0.2416666666666667,0.14583333333333334,"{'fragrance:': 1, 'is': 1, 'delusion': 1, 'suitable': 1, 'for': 1, 'individuals': 1, 'with': 1, 'dry': 1, 'skin?': 1}","{'yes,': 1, 'delusion': 1, 'is': 1, 'suitable': 1, 'for': 1, 'individuals': 1, 'with': 1, 'dry': 1, 'skin.': 1, 'its': 1, 'moisturizing': 1, 'formulation': 1, 'helps': 1, 'to': 1, 'hydrate': 1, 'and': 1, 'nourish': 1, 'the': 1, 'skin': 1, 'while': 1, 'leaving': 1, 'behind': 1, 'a': 1, 'captivating': 1, 'scent.': 1}"
Fragrance: Can I wear Delusion during meditation or yoga?,"Yes, Delusion's calming and sensual aroma makes it a perfect companion for meditation or yoga practice, helping to create a serene and tranquil atmosphere.",9,24,0.0,1.0,"{'fragrance:': 1, 'can': 1, 'i': 1, 'wear': 1, 'delusion': 1, 'during': 1, 'meditation': 1, 'or': 1, 'yoga?': 1}","{'yes,': 1, ""delusion's"": 1, 'calming': 1, 'and': 2, 'sensual': 1, 'aroma': 1, 'makes': 1, 'it': 1, 'a': 2, 'perfect': 1, 'companion': 1, 'for': 1, 'meditation': 1, 'or': 1, 'yoga': 1, 'practice,': 1, 'helping': 1, 'to': 1, 'create': 1, 'serene': 1, 'tranquil': 1, 'atmosphere.': 1}"
Fragrance: Does Delusion contain any parabens?,"No, Delusion is formulated without parabens, ensuring a safe and gentle fragrance experience for all.",6,15,0.0,0.35,"{'fragrance:': 1, 'does': 1, 'delusion': 1, 'contain': 1, 'any': 1, 'parabens?': 1}","{'no,': 1, 'delusion': 1, 'is': 1, 'formulated': 1, 'without': 1, 'parabens,': 1, 'ensuring': 1, 'a': 1, 'safe': 1, 'and': 1, 'gentle': 1, 'fragrance': 1, 'experience': 1, 'for': 1, 'all.': 1}"
Fragrance: Can I wear Delusion on my clothes?,"While Delusion is designed to be applied to the skin, you can lightly spritz it on your clothes for a lingering fragrance throughout the day.",8,25,0.0,0.4,"{'fragrance:': 1, 'can': 1, 'i': 1, 'wear': 1, 'delusion': 1, 'on': 1, 'my': 1, 'clothes?': 1}","{'while': 1, 'delusion': 1, 'is': 1, 'designed': 1, 'to': 2, 'be': 1, 'applied': 1, 'the': 2, 'skin,': 1, 'you': 1, 'can': 1, 'lightly': 1, 'spritz': 1, 'it': 1, 'on': 1, 'your': 1, 'clothes': 1, 'for': 1, 'a': 1, 'lingering': 1, 'fragrance': 1, 'throughout': 1, 'day.': 1}"
Fragrance: Does Delusion have a gender-neutral scent?,"Yes, Delusion's captivating aroma is gender-neutral, appealing to individuals of all genders and preferences.",7,14,0.0,0.5,"{'fragrance:': 1, 'does': 1, 'delusion': 1, 'have': 1, 'a': 1, 'gender-neutral': 1, 'scent?': 1}","{'yes,': 1, ""delusion's"": 1, 'captivating': 1, 'aroma': 1, 'is': 1, 'gender-neutral,': 1, 'appealing': 1, 'to': 1, 'individuals': 1, 'of': 1, 'all': 1, 'genders': 1, 'and': 1, 'preferences.': 1}"
Fragrance: Is Delusion suitable for individuals with oily skin?,"Yes, Delusion is suitable for individuals with oily skin. Its lightweight formulation absorbs quickly into the skin without leaving behind any greasy residue.",9,23,0.55,0.1611111111111111,"{'fragrance:': 1, 'is': 1, 'delusion': 1, 'suitable': 1, 'for': 1, 'individuals': 1, 'with': 1, 'oily': 1, 'skin?': 1}","{'yes,': 1, 'delusion': 1, 'is': 1, 'suitable': 1, 'for': 1, 'individuals': 1, 'with': 1, 'oily': 1, 'skin.': 1, 'its': 1, 'lightweight': 1, 'formulation': 1, 'absorbs': 1, 'quickly': 1, 'into': 1, 'the': 1, 'skin': 1, 'without': 1, 'leaving': 1, 'behind': 1, 'any': 1, 'greasy': 1, 'residue.': 1}"
Fragrance: Can I wear Delusion to a wedding?,"Yes, Delusion is perfect for weddings. Its romantic and elegant scent adds an extra layer of sophistication to any wedding ensemble.",8,21,0.0,0.375,"{'fragrance:': 1, 'can': 1, 'i': 1, 'wear': 1, 'delusion': 1, 'to': 1, 'a': 1, 'wedding?': 1}","{'yes,': 1, 'delusion': 1, 'is': 1, 'perfect': 1, 'for': 1, 'weddings.': 1, 'its': 1, 'romantic': 1, 'and': 1, 'elegant': 1, 'scent': 1, 'adds': 1, 'an': 1, 'extra': 1, 'layer': 1, 'of': 1, 'sophistication': 1, 'to': 1, 'any': 1, 'wedding': 1, 'ensemble.': 1}"
Fragrance: Does Delusion contain any sulfates?,"No, Delusion is sulfate-free, ensuring a gentle and luxurious fragrance experience for all.",6,13,0.0,0.2,"{'fragrance:': 1, 'does': 1, 'delusion': 1, 'contain': 1, 'any': 1, 'sulfates?': 1}","{'no,': 1, 'delusion': 1, 'is': 1, 'sulfate-free,': 1, 'ensuring': 1, 'a': 1, 'gentle': 1, 'and': 1, 'luxurious': 1, 'fragrance': 1, 'experience': 1, 'for': 1, 'all.': 1}"
Fragrance: Can I wear Delusion while swimming?,"While Delusion is not waterproof, you can still enjoy its captivating scent before and after swimming.",7,16,0.0,0.45,"{'fragrance:': 1, 'can': 1, 'i': 1, 'wear': 1, 'delusion': 1, 'while': 1, 'swimming?': 1}","{'while': 1, 'delusion': 1, 'is': 1, 'not': 1, 'waterproof,': 1, 'you': 1, 'can': 1, 'still': 1, 'enjoy': 1, 'its': 1, 'captivating': 1, 'scent': 1, 'before': 1, 'and': 1, 'after': 1, 'swimming.': 1}"
Fragrance: Does Delusion have a spicy or citrusy scent?,"Delusion leans more towards a spicy scent with subtle citrus undertones, adding complexity and depth to the fragrance.",9,18,0.0,0.08333333333333334,"{'fragrance:': 1, 'does': 1, 'delusion': 1, 'have': 1, 'a': 1, 'spicy': 1, 'or': 1, 'citrusy': 1, 'scent?': 1}","{'delusion': 1, 'leans': 1, 'more': 1, 'towards': 1, 'a': 1, 'spicy': 1, 'scent': 1, 'with': 1, 'subtle': 1, 'citrus': 1, 'undertones,': 1, 'adding': 1, 'complexity': 1, 'and': 1, 'depth': 1, 'to': 1, 'the': 1, 'fragrance.': 1}"
Fragrance: Is Delusion suitable for individuals with eczema?,"While Delusion is formulated with gentle ingredients, we recommend consulting with a dermatologist before using any fragrance products if you have eczema or other skin conditions.",8,26,0.55,0.037500000000000006,"{'fragrance:': 1, 'is': 1, 'delusion': 1, 'suitable': 1, 'for': 1, 'individuals': 1, 'with': 1, 'eczema?': 1}","{'while': 1, 'delusion': 1, 'is': 1, 'formulated': 1, 'with': 2, 'gentle': 1, 'ingredients,': 1, 'we': 1, 'recommend': 1, 'consulting': 1, 'a': 1, 'dermatologist': 1, 'before': 1, 'using': 1, 'any': 1, 'fragrance': 1, 'products': 1, 'if': 1, 'you': 1, 'have': 1, 'eczema': 1, 'or': 1, 'other': 1, 'skin': 1, 'conditions.': 1}"
Fragrance: Can I wear Delusion while traveling?,"Yes, Delusion is perfect for travel. Its compact and elegant packaging makes it easy to carry with you wherever you go.",7,21,0.0,0.6444444444444445,"{'fragrance:': 1, 'can': 1, 'i': 1, 'wear': 1, 'delusion': 1, 'while': 1, 'traveling?': 1}","{'yes,': 1, 'delusion': 1, 'is': 1, 'perfect': 1, 'for': 1, 'travel.': 1, 'its': 1, 'compact': 1, 'and': 1, 'elegant': 1, 'packaging': 1, 'makes': 1, 'it': 1, 'easy': 1, 'to': 1, 'carry': 1, 'with': 1, 'you': 2, 'wherever': 1, 'go.': 1}"
Fragrance: Does Delusion contain any alcohol?,"Yes, Delusion contains alcohol as a carrier for the fragrance oils. However, it is formulated to be non-drying and gentle on the skin.",6,23,0.0,0.2,"{'fragrance:': 1, 'does': 1, 'delusion': 1, 'contain': 1, 'any': 1, 'alcohol?': 1}","{'yes,': 1, 'delusion': 1, 'contains': 1, 'alcohol': 1, 'as': 1, 'a': 1, 'carrier': 1, 'for': 1, 'the': 2, 'fragrance': 1, 'oils.': 1, 'however,': 1, 'it': 1, 'is': 1, 'formulated': 1, 'to': 1, 'be': 1, 'non-drying': 1, 'and': 1, 'gentle': 1, 'on': 1, 'skin.': 1}"
Fragrance: Can I wear Delusion during pregnancy?,"While Delusion is formulated with safe ingredients, we recommend consulting with your healthcare provider before using any fragrance products during pregnancy to ensure the safety of you and your baby.",7,30,0.0,0.5,"{'fragrance:': 1, 'can': 1, 'i': 1, 'wear': 1, 'delusion': 1, 'during': 1, 'pregnancy?': 1}","{'while': 1, 'delusion': 1, 'is': 1, 'formulated': 1, 'with': 2, 'safe': 1, 'ingredients,': 1, 'we': 1, 'recommend': 1, 'consulting': 1, 'your': 2, 'healthcare': 1, 'provider': 1, 'before': 1, 'using': 1, 'any': 1, 'fragrance': 1, 'products': 1, 'during': 1, 'pregnancy': 1, 'to': 1, 'ensure': 1, 'the': 1, 'safety': 1, 'of': 1, 'you': 1, 'and': 1, 'baby.': 1}"
Fragrance: Is Delusion suitable for individuals with diabetes?,"While Delusion is formulated with gentle ingredients, we recommend consulting with a healthcare professional before using any fragrance products if you have diabetes or other medical conditions.",8,27,0.55,0.04375000000000001,"{'fragrance:': 1, 'is': 1, 'delusion': 1, 'suitable': 1, 'for': 1, 'individuals': 1, 'with': 1, 'diabetes?': 1}","{'while': 1, 'delusion': 1, 'is': 1, 'formulated': 1, 'with': 2, 'gentle': 1, 'ingredients,': 1, 'we': 1, 'recommend': 1, 'consulting': 1, 'a': 1, 'healthcare': 1, 'professional': 1, 'before': 1, 'using': 1, 'any': 1, 'fragrance': 1, 'products': 1, 'if': 1, 'you': 1, 'have': 1, 'diabetes': 1, 'or': 1, 'other': 1, 'medical': 1, 'conditions.': 1}"
Fragrance: Can I wear Delusion with sunscreen?,"Yes, Delusion can be worn with sunscreen. Apply sunscreen first, allowing it to fully absorb into the skin, then apply Delusion to pulse points for a long-lasting fragrance.",7,28,0.0,0.25,"{'fragrance:': 1, 'can': 1, 'i': 1, 'wear': 1, 'delusion': 1, 'with': 1, 'sunscreen?': 1}","{'yes,': 1, 'delusion': 2, 'can': 1, 'be': 1, 'worn': 1, 'with': 1, 'sunscreen.': 1, 'apply': 2, 'sunscreen': 1, 'first,': 1, 'allowing': 1, 'it': 1, 'to': 2, 'fully': 1, 'absorb': 1, 'into': 1, 'the': 1, 'skin,': 1, 'then': 1, 'pulse': 1, 'points': 1, 'for': 1, 'a': 1, 'long-lasting': 1, 'fragrance.': 1}"
Fragrance: Is Delusion suitable for individuals with allergies?,"Delusion is formulated without common allergens and irritants, making it suitable for most individuals. However, we recommend patch testing for individuals with known allergies or sensitivities.",8,26,0.55,0.25,"{'fragrance:': 1, 'is': 1, 'delusion': 1, 'suitable': 1, 'for': 1, 'individuals': 1, 'with': 1, 'allergies?': 1}","{'delusion': 1, 'is': 1, 'formulated': 1, 'without': 1, 'common': 1, 'allergens': 1, 'and': 1, 'irritants,': 1, 'making': 1, 'it': 1, 'suitable': 1, 'for': 2, 'most': 1, 'individuals.': 1, 'however,': 1, 'we': 1, 'recommend': 1, 'patch': 1, 'testing': 1, 'individuals': 1, 'with': 1, 'known': 1, 'allergies': 1, 'or': 1, 'sensitivities.': 1}"
Fragrance: Does Delusion have a subtle or intense fragrance?,"Delusion has a moderate to intense fragrance intensity, making it noticeable without being overwhelming. Its captivating aroma lingers subtly throughout the day, leaving a lasting impression.",9,26,-0.06666666666666665,0.14444444444444446,"{'fragrance:': 1, 'does': 1, 'delusion': 1, 'have': 1, 'a': 1, 'subtle': 1, 'or': 1, 'intense': 1, 'fragrance?': 1}","{'delusion': 1, 'has': 1, 'a': 2, 'moderate': 1, 'to': 1, 'intense': 1, 'fragrance': 1, 'intensity,': 1, 'making': 1, 'it': 1, 'noticeable': 1, 'without': 1, 'being': 1, 'overwhelming.': 1, 'its': 1, 'captivating': 1, 'aroma': 1, 'lingers': 1, 'subtly': 1, 'throughout': 1, 'the': 1, 'day,': 1, 'leaving': 1, 'lasting': 1, 'impression.': 1}"
Fragrance: Can I wear Delusion in the rain?,"While Delusion is water-resistant to some extent, we recommend avoiding exposure to excessive moisture to preserve its fragrance integrity. Keep it dry to ensure optimal performance.",8,26,0.0,-0.15833333333333333,"{'fragrance:': 1, 'can': 1, 'i': 1, 'wear': 1, 'delusion': 1, 'in': 1, 'the': 1, 'rain?': 1}","{'while': 1, 'delusion': 1, 'is': 1, 'water-resistant': 1, 'to': 4, 'some': 1, 'extent,': 1, 'we': 1, 'recommend': 1, 'avoiding': 1, 'exposure': 1, 'excessive': 1, 'moisture': 1, 'preserve': 1, 'its': 1, 'fragrance': 1, 'integrity.': 1, 'keep': 1, 'it': 1, 'dry': 1, 'ensure': 1, 'optimal': 1, 'performance.': 1}"
Fragrance: Is Delusion suitable for individuals with asthma?,"While Delusion is formulated with safe ingredients, we recommend consulting with a healthcare professional before using any fragrance products if you have asthma or respiratory issues.",8,26,0.55,0.3,"{'fragrance:': 1, 'is': 1, 'delusion': 1, 'suitable': 1, 'for': 1, 'individuals': 1, 'with': 1, 'asthma?': 1}","{'while': 1, 'delusion': 1, 'is': 1, 'formulated': 1, 'with': 2, 'safe': 1, 'ingredients,': 1, 'we': 1, 'recommend': 1, 'consulting': 1, 'a': 1, 'healthcare': 1, 'professional': 1, 'before': 1, 'using': 1, 'any': 1, 'fragrance': 1, 'products': 1, 'if': 1, 'you': 1, 'have': 1, 'asthma': 1, 'or': 1, 'respiratory': 1, 'issues.': 1}"
Fragrance: Does Delusion contain any artificial colors?,"Delusion is formulated without artificial colors, ensuring a pure and luxurious fragrance experience. Its elegant simplicity is reflected in its clear and transparent appearance.",7,24,-0.6,0.053571428571428575,"{'fragrance:': 1, 'does': 1, 'delusion': 1, 'contain': 1, 'any': 1, 'artificial': 1, 'colors?': 1}","{'delusion': 1, 'is': 2, 'formulated': 1, 'without': 1, 'artificial': 1, 'colors,': 1, 'ensuring': 1, 'a': 1, 'pure': 1, 'and': 2, 'luxurious': 1, 'fragrance': 1, 'experience.': 1, 'its': 2, 'elegant': 1, 'simplicity': 1, 'reflected': 1, 'in': 1, 'clear': 1, 'transparent': 1, 'appearance.': 1}"
Fragrance: Can I wear Delusion with jewelry?,"Yes, Delusion can be worn with jewelry. Apply the fragrance before putting on your jewelry to prevent any potential staining or discoloration.",7,22,0.0,0.0,"{'fragrance:': 1, 'can': 1, 'i': 1, 'wear': 1, 'delusion': 1, 'with': 1, 'jewelry?': 1}","{'yes,': 1, 'delusion': 1, 'can': 1, 'be': 1, 'worn': 1, 'with': 1, 'jewelry.': 1, 'apply': 1, 'the': 1, 'fragrance': 1, 'before': 1, 'putting': 1, 'on': 1, 'your': 1, 'jewelry': 1, 'to': 1, 'prevent': 1, 'any': 1, 'potential': 1, 'staining': 1, 'or': 1, 'discoloration.': 1}"
Fragrance: Is Delusion suitable for vegetarians or vegans?,Delusion is formulated without animal-derived ingredients and is suitable for vegetarians and vegans. We are committed to ethical and sustainable practices.,8,21,0.55,0.375,"{'fragrance:': 1, 'is': 1, 'delusion': 1, 'suitable': 1, 'for': 1, 'vegetarians': 1, 'or': 1, 'vegans?': 1}","{'delusion': 1, 'is': 2, 'formulated': 1, 'without': 1, 'animal-derived': 1, 'ingredients': 1, 'and': 3, 'suitable': 1, 'for': 1, 'vegetarians': 1, 'vegans.': 1, 'we': 1, 'are': 1, 'committed': 1, 'to': 1, 'ethical': 1, 'sustainable': 1, 'practices.': 1}"
Fragrance: Does Delusion have a floral or fruity scent?,"Delusion has floral notes balanced with woody and spicy undertones, creating a sophisticated and captivating fragrance that appeals to both men and women.",9,23,0.0,0.5,"{'fragrance:': 1, 'does': 1, 'delusion': 1, 'have': 1, 'a': 1, 'floral': 1, 'or': 1, 'fruity': 1, 'scent?': 1}","{'delusion': 1, 'has': 1, 'floral': 1, 'notes': 1, 'balanced': 1, 'with': 1, 'woody': 1, 'and': 3, 'spicy': 1, 'undertones,': 1, 'creating': 1, 'a': 1, 'sophisticated': 1, 'captivating': 1, 'fragrance': 1, 'that': 1, 'appeals': 1, 'to': 1, 'both': 1, 'men': 1, 'women.': 1}"
Fragrance: Can I wear Delusion in cold weather?,"Yes, Delusion can be worn in cold weather. Its warm and inviting scent is perfect for cozying up during the colder months, adding an element of luxury to any ensemble.",8,30,-0.6,0.3333333333333333,"{'fragrance:': 1, 'can': 1, 'i': 1, 'wear': 1, 'delusion': 1, 'in': 1, 'cold': 1, 'weather?': 1}","{'yes,': 1, 'delusion': 1, 'can': 1, 'be': 1, 'worn': 1, 'in': 1, 'cold': 1, 'weather.': 1, 'its': 1, 'warm': 1, 'and': 1, 'inviting': 1, 'scent': 1, 'is': 1, 'perfect': 1, 'for': 1, 'cozying': 1, 'up': 1, 'during': 1, 'the': 1, 'colder': 1, 'months,': 1, 'adding': 1, 'an': 1, 'element': 1, 'of': 1, 'luxury': 1, 'to': 1, 'any': 1, 'ensemble.': 1}"
Fragrance: Does Delusion contain any artificial fragrances?,"No, Delusion is formulated with a blend of natural and synthetic fragrances to achieve its unique scent profile. It undergoes rigorous testing to ensure quality and safety.",7,27,-0.6,0.2375,"{'fragrance:': 1, 'does': 1, 'delusion': 1, 'contain': 1, 'any': 1, 'artificial': 1, 'fragrances?': 1}","{'no,': 1, 'delusion': 1, 'is': 1, 'formulated': 1, 'with': 1, 'a': 1, 'blend': 1, 'of': 1, 'natural': 1, 'and': 2, 'synthetic': 1, 'fragrances': 1, 'to': 2, 'achieve': 1, 'its': 1, 'unique': 1, 'scent': 1, 'profile.': 1, 'it': 1, 'undergoes': 1, 'rigorous': 1, 'testing': 1, 'ensure': 1, 'quality': 1, 'safety.': 1}"
Fragrance: Can I wear Delusion to the beach?,"While Delusion is not specifically designed for beachwear, you can still wear it lightly for a hint of fragrance during beach outings or seaside strolls.",8,25,0.0,0.4,"{'fragrance:': 1, 'can': 1, 'i': 1, 'wear': 1, 'delusion': 1, 'to': 1, 'the': 1, 'beach?': 1}","{'while': 1, 'delusion': 1, 'is': 1, 'not': 1, 'specifically': 1, 'designed': 1, 'for': 2, 'beachwear,': 1, 'you': 1, 'can': 1, 'still': 1, 'wear': 1, 'it': 1, 'lightly': 1, 'a': 1, 'hint': 1, 'of': 1, 'fragrance': 1, 'during': 1, 'beach': 1, 'outings': 1, 'or': 1, 'seaside': 1, 'strolls.': 1}"
Fragrance: Is Delusion suitable for individuals with sensitive noses?,"Delusion has a moderate fragrance intensity that shouldn't overwhelm sensitive noses. However, we recommend testing it on a small area of skin before applying it liberally to ensure compatibility.",9,29,0.325,-0.049999999999999996,"{'fragrance:': 1, 'is': 1, 'delusion': 1, 'suitable': 1, 'for': 1, 'individuals': 1, 'with': 1, 'sensitive': 1, 'noses?': 1}","{'delusion': 1, 'has': 1, 'a': 2, 'moderate': 1, 'fragrance': 1, 'intensity': 1, 'that': 1, ""shouldn't"": 1, 'overwhelm': 1, 'sensitive': 1, 'noses.': 1, 'however,': 1, 'we': 1, 'recommend': 1, 'testing': 1, 'it': 2, 'on': 1, 'small': 1, 'area': 1, 'of': 1, 'skin': 1, 'before': 1, 'applying': 1, 'liberally': 1, 'to': 1, 'ensure': 1, 'compatibility.': 1}"
Fragrance: Does Delusion contain any allergens?,"Delusion is formulated without common allergens and irritants, making it suitable for most individuals. However, we recommend patch testing for individuals with known allergies or sensitivities.",6,26,0.0,0.25,"{'fragrance:': 1, 'does': 1, 'delusion': 1, 'contain': 1, 'any': 1, 'allergens?': 1}","{'delusion': 1, 'is': 1, 'formulated': 1, 'without': 1, 'common': 1, 'allergens': 1, 'and': 1, 'irritants,': 1, 'making': 1, 'it': 1, 'suitable': 1, 'for': 2, 'most': 1, 'individuals.': 1, 'however,': 1, 'we': 1, 'recommend': 1, 'patch': 1, 'testing': 1, 'individuals': 1, 'with': 1, 'known': 1, 'allergies': 1, 'or': 1, 'sensitivities.': 1}"
Fragrance: Can I wear Delusion to a job interview?,"Yes, Delusion is perfect for job interviews. Its subtle yet sophisticated scent leaves a positive and lasting impression without overpowering the room.",9,22,0.0,0.2787878787878788,"{'fragrance:': 1, 'can': 1, 'i': 1, 'wear': 1, 'delusion': 1, 'to': 1, 'a': 1, 'job': 1, 'interview?': 1}","{'yes,': 1, 'delusion': 1, 'is': 1, 'perfect': 1, 'for': 1, 'job': 1, 'interviews.': 1, 'its': 1, 'subtle': 1, 'yet': 1, 'sophisticated': 1, 'scent': 1, 'leaves': 1, 'a': 1, 'positive': 1, 'and': 1, 'lasting': 1, 'impression': 1, 'without': 1, 'overpowering': 1, 'the': 1, 'room.': 1}"
Fragrance: Does Delusion contain any animal-derived ingredients?,"No, Delusion is formulated without animal-derived ingredients, making it suitable for vegetarians and vegans. We are committed to cruelty-free and ethical practices.",7,22,0.0,0.375,"{'fragrance:': 1, 'does': 1, 'delusion': 1, 'contain': 1, 'any': 1, 'animal-derived': 1, 'ingredients?': 1}","{'no,': 1, 'delusion': 1, 'is': 1, 'formulated': 1, 'without': 1, 'animal-derived': 1, 'ingredients,': 1, 'making': 1, 'it': 1, 'suitable': 1, 'for': 1, 'vegetarians': 1, 'and': 2, 'vegans.': 1, 'we': 1, 'are': 1, 'committed': 1, 'to': 1, 'cruelty-free': 1, 'ethical': 1, 'practices.': 1}"
Fragrance: Can I wear Delusion while gardening?,"While Delusion is not specifically designed for gardening, you can still enjoy its captivating scent during outdoor activities, adding a touch of luxury to your gardening experience.",7,27,0.0,0.45,"{'fragrance:': 1, 'can': 1, 'i': 1, 'wear': 1, 'delusion': 1, 'while': 1, 'gardening?': 1}","{'while': 1, 'delusion': 1, 'is': 1, 'not': 1, 'specifically': 1, 'designed': 1, 'for': 1, 'gardening,': 1, 'you': 1, 'can': 1, 'still': 1, 'enjoy': 1, 'its': 1, 'captivating': 1, 'scent': 1, 'during': 1, 'outdoor': 1, 'activities,': 1, 'adding': 1, 'a': 1, 'touch': 1, 'of': 1, 'luxury': 1, 'to': 1, 'your': 1, 'gardening': 1, 'experience.': 1}"
Fragrance: Is Delusion suitable for individuals with respiratory issues?,"While Delusion is formulated with safe ingredients, we recommend consulting with a healthcare professional before using any fragrance products if you have respiratory issues or sensitivities.",9,26,0.55,0.3,"{'fragrance:': 1, 'is': 1, 'delusion': 1, 'suitable': 1, 'for': 1, 'individuals': 1, 'with': 1, 'respiratory': 1, 'issues?': 1}","{'while': 1, 'delusion': 1, 'is': 1, 'formulated': 1, 'with': 2, 'safe': 1, 'ingredients,': 1, 'we': 1, 'recommend': 1, 'consulting': 1, 'a': 1, 'healthcare': 1, 'professional': 1, 'before': 1, 'using': 1, 'any': 1, 'fragrance': 1, 'products': 1, 'if': 1, 'you': 1, 'have': 1, 'respiratory': 1, 'issues': 1, 'or': 1, 'sensitivities.': 1}"
Fragrance: Does Delusion contain any artificial preservatives?,"No, Delusion is formulated without artificial preservatives, ensuring a pure and luxurious fragrance experience.",7,14,-0.6,-0.19285714285714284,"{'fragrance:': 1, 'does': 1, 'delusion': 1, 'contain': 1, 'any': 1, 'artificial': 1, 'preservatives?': 1}","{'no,': 1, 'delusion': 1, 'is': 1, 'formulated': 1, 'without': 1, 'artificial': 1, 'preservatives,': 1, 'ensuring': 1, 'a': 1, 'pure': 1, 'and': 1, 'luxurious': 1, 'fragrance': 1, 'experience.': 1}"
Fragrance: Can I wear Delusion during a spa day?,"Yes, Delusion's calming and sensual aroma makes it perfect for a spa day. Its luxurious scent enhances relaxation and rejuvenation, creating a serene and indulgent atmosphere.",9,26,0.0,1.0,"{'fragrance:': 1, 'can': 1, 'i': 1, 'wear': 1, 'delusion': 1, 'during': 1, 'a': 1, 'spa': 1, 'day?': 1}","{'yes,': 1, ""delusion's"": 1, 'calming': 1, 'and': 3, 'sensual': 1, 'aroma': 1, 'makes': 1, 'it': 1, 'perfect': 1, 'for': 1, 'a': 2, 'spa': 1, 'day.': 1, 'its': 1, 'luxurious': 1, 'scent': 1, 'enhances': 1, 'relaxation': 1, 'rejuvenation,': 1, 'creating': 1, 'serene': 1, 'indulgent': 1, 'atmosphere.': 1}"
Fragrance: Is Delusion suitable for individuals with psoriasis?,"While Delusion is formulated with gentle ingredients, we recommend consulting with a dermatologist before using any fragrance products if you have psoriasis or other skin conditions.",8,26,0.55,0.037500000000000006,"{'fragrance:': 1, 'is': 1, 'delusion': 1, 'suitable': 1, 'for': 1, 'individuals': 1, 'with': 1, 'psoriasis?': 1}","{'while': 1, 'delusion': 1, 'is': 1, 'formulated': 1, 'with': 2, 'gentle': 1, 'ingredients,': 1, 'we': 1, 'recommend': 1, 'consulting': 1, 'a': 1, 'dermatologist': 1, 'before': 1, 'using': 1, 'any': 1, 'fragrance': 1, 'products': 1, 'if': 1, 'you': 1, 'have': 1, 'psoriasis': 1, 'or': 1, 'other': 1, 'skin': 1, 'conditions.': 1}"
Fragrance: Does Delusion contain any formaldehyde?,"No, Delusion is formulated without formaldehyde, ensuring a safe and gentle fragrance experience for all.",6,15,0.0,0.35,"{'fragrance:': 1, 'does': 1, 'delusion': 1, 'contain': 1, 'any': 1, 'formaldehyde?': 1}","{'no,': 1, 'delusion': 1, 'is': 1, 'formulated': 1, 'without': 1, 'formaldehyde,': 1, 'ensuring': 1, 'a': 1, 'safe': 1, 'and': 1, 'gentle': 1, 'fragrance': 1, 'experience': 1, 'for': 1, 'all.': 1}"
Fragrance: Can I wear Delusion while cooking?,"While Delusion is not specifically designed for cooking, you can still enjoy its captivating scent while preparing meals, adding an extra layer of sophistication to your culinary experience.",7,28,0.0,0.225,"{'fragrance:': 1, 'can': 1, 'i': 1, 'wear': 1, 'delusion': 1, 'while': 1, 'cooking?': 1}","{'while': 2, 'delusion': 1, 'is': 1, 'not': 1, 'specifically': 1, 'designed': 1, 'for': 1, 'cooking,': 1, 'you': 1, 'can': 1, 'still': 1, 'enjoy': 1, 'its': 1, 'captivating': 1, 'scent': 1, 'preparing': 1, 'meals,': 1, 'adding': 1, 'an': 1, 'extra': 1, 'layer': 1, 'of': 1, 'sophistication': 1, 'to': 1, 'your': 1, 'culinary': 1, 'experience.': 1}"
Fragrance: Is Delusion suitable for individuals with rosacea?,"While Delusion is formulated with gentle ingredients, we recommend consulting with a dermatologist before using any fragrance products if you have rosacea or other skin conditions.",8,26,0.55,0.037500000000000006,"{'fragrance:': 1, 'is': 1, 'delusion': 1, 'suitable': 1, 'for': 1, 'individuals': 1, 'with': 1, 'rosacea?': 1}","{'while': 1, 'delusion': 1, 'is': 1, 'formulated': 1, 'with': 2, 'gentle': 1, 'ingredients,': 1, 'we': 1, 'recommend': 1, 'consulting': 1, 'a': 1, 'dermatologist': 1, 'before': 1, 'using': 1, 'any': 1, 'fragrance': 1, 'products': 1, 'if': 1, 'you': 1, 'have': 1, 'rosacea': 1, 'or': 1, 'other': 1, 'skin': 1, 'conditions.': 1}"
